second,time_period,start_s,end_s,people_count,people_count_max,people_count_p90,people_presence_ratio,person_area_mean,people_close_count,face_count,face_count_max,face_count_p90,face_presence_ratio,face_area_mean,interpersonal_distance_mean,mutual_gaze_score,facial_expression_intensity,gesture_intensity,happy,sad,angry,calm,fearful
0,00:00-00:01,0.0,1.0,8.2,9.0,8.6,1.0,0.058898,7.2,12.4,17.0,15.0,1.0,0.003116,0.338149,0.063663,0.500538,0.071485,0.180711,0.139925,0.215852,0.230273,0.233239
1,00:01-00:02,1.0,2.0,10.6,11.0,11.0,1.0,0.051411,11.4,12.2,15.0,14.6,1.0,0.003008,0.34337,0.040885,0.524526,0.030214,0.195191,0.125511,0.228338,0.21566,0.235299
2,00:02-00:03,2.0,3.0,7.2,12.0,11.6,1.0,0.215492,6.0,5.2,12.0,11.6,1.0,0.118316,0.365085,0.124439,0.359357,0.031022,0.204406,0.095469,0.233502,0.262731,0.203892
3,00:03-00:04,3.0,4.0,5.2,6.0,5.6,1.0,0.305841,2.2,1.6,2.0,2.0,1.0,0.156151,0.347909,0.19022,0.235914,0.007864,0.187139,0.111687,0.201523,0.319721,0.17993
4,00:04-00:05,4.0,5.0,3.25,5.0,4.4,1.0,0.361398,0.5,1.75,2.0,2.0,1.0,0.146945,0.360631,0.067469,0.188505,0.041334,0.196783,0.116666,0.180169,0.345479,0.160902
5,00:05-00:06,5.0,6.0,2.8,4.0,3.6,1.0,0.291412,0.2,1.6,2.0,2.0,1.0,0.145819,0.283859,0.096276,0.298879,0.035324,0.278735,0.036234,0.244237,0.276304,0.16449
6,00:06-00:07,6.0,7.0,2.0,2.0,2.0,1.0,0.333748,0.0,1.6,2.0,2.0,1.0,0.018598,0.327008,0.091738,0.29894,0.002193,0.244279,0.067043,0.223725,0.292531,0.172423
7,00:07-00:08,7.0,8.0,2.0,2.0,2.0,1.0,0.342916,0.0,2.0,2.0,2.0,1.0,0.011195,0.318734,0.0,0.185998,0.001548,0.155786,0.164566,0.138888,0.376976,0.163784
8,00:08-00:09,8.0,9.0,2.2,3.0,2.6,1.0,0.321317,0.2,1.4,2.0,2.0,1.0,0.022324,0.310587,0.09,0.259146,0.003363,0.244068,0.069859,0.214364,0.308823,0.162886
9,00:09-00:10,9.0,10.0,2.0,2.0,2.0,1.0,0.331903,0.0,1.0,1.0,1.0,1.0,0.021954,0.334858,0.15,0.318526,0.002186,0.304226,0.006609,0.26514,0.260576,0.163449
10,00:10-00:11,10.0,11.0,3.6,4.0,4.0,1.0,0.236201,0.6,1.0,1.0,1.0,1.0,0.23208,0.261205,0.15,0.25,0.048394,0.24838,0.049022,0.249922,0.282931,0.169745
11,00:11-00:12,11.0,12.0,2.6,4.0,3.6,1.0,0.309879,0.2,1.2,3.0,2.2,0.8,0.107861,0.320433,0.131879,0.217607,0.038254,0.213089,0.028809,0.202846,0.421266,0.13399
12,00:12-00:13,12.0,13.0,1.8,2.0,2.0,1.0,0.359299,0.2,1.6,2.0,2.0,1.0,0.020503,0.160042,0.088603,0.216209,0.038396,0.198383,0.114486,0.182465,0.339826,0.164841
13,00:13-00:14,13.0,14.0,2.0,2.0,2.0,1.0,0.408721,0.0,1.4,2.0,2.0,1.0,0.054598,0.414864,0.09,0.249382,0.041722,0.2604,0.041698,0.249688,0.283598,0.164615
14,00:14-00:15,14.0,15.0,2.0,2.0,2.0,1.0,0.345701,0.0,1.5,2.0,2.0,1.0,0.045211,0.248614,0.197511,0.278198,0.042375,0.228213,0.08198,0.224969,0.290142,0.174696
15,00:15-00:16,15.0,16.0,1.4,2.0,2.0,1.0,0.466178,0.0,0.2,1.0,0.6,0.2,0.000459,0.082961,0.03,0.042494,0.021096,0.00602,0.044434,0.035127,0.867136,0.047283
16,00:16-00:17,16.0,17.0,1.6,2.0,2.0,1.0,0.506568,0.2,0.0,0.0,0.0,0.0,0.0,0.186102,0.0,0.0,0.095227,0.0,0.0,0.0,1.0,0.0
17,00:17-00:18,17.0,18.0,5.0,8.0,7.2,1.0,0.31517,2.0,0.8,2.0,1.6,0.6,0.0058,0.268163,0.06,0.004238,0.110301,0.005119,0.193793,0.002912,0.705781,0.092395
18,00:18-00:19,18.0,19.0,14.2,16.0,15.6,1.0,0.056865,12.8,9.6,14.0,13.6,1.0,0.005553,0.353746,0.012219,0.060853,0.072129,0.049703,0.273209,0.0526,0.462168,0.162321
19,00:19-00:20,19.0,20.0,14.25,15.0,14.7,1.0,0.054214,13.25,10.25,11.0,11.0,1.0,0.004432,0.354325,0.0,0.124581,0.017044,0.067872,0.245865,0.088155,0.420603,0.177506
20,00:20-00:21,20.0,21.0,2.0,2.0,2.0,1.0,0.379249,0.0,1.2,2.0,1.6,1.0,0.05811,0.465255,0.12,0.236098,0.017635,0.276938,0.038095,0.236718,0.296376,0.151873
21,00:21-00:22,21.0,22.0,2.0,2.0,2.0,1.0,0.368922,0.0,0.4,1.0,1.0,0.4,0.021878,0.44823,0.06,0.108074,0.002584,0.118593,0.006664,0.101971,0.710811,0.061961
22,00:22-00:23,22.0,23.0,2.0,2.0,2.0,1.0,0.361939,0.0,1.0,2.0,2.0,0.6,0.02447,0.451372,0.03,0.124746,0.001742,0.138022,0.055587,0.11211,0.602837,0.091443
23,00:23-00:24,23.0,24.0,2.0,2.0,2.0,1.0,0.363428,0.0,1.2,3.0,2.2,0.8,0.031896,0.450556,0.104931,0.139038,0.000934,0.148231,0.106832,0.12889,0.490888,0.125159
24,00:24-00:25,24.0,25.0,2.0,2.0,2.0,1.0,0.364608,0.0,1.25,3.0,2.4,0.75,0.039375,0.449266,0.094007,0.206596,0.001673,0.220237,0.018607,0.181799,0.463252,0.116105
25,00:25-00:26,25.0,26.0,2.0,2.0,2.0,1.0,0.36932,0.0,1.8,3.0,2.6,1.0,0.010661,0.459268,0.251061,0.313258,0.002461,0.19501,0.137106,0.17682,0.312574,0.17849
26,00:26-00:27,26.0,27.0,2.0,2.0,2.0,1.0,0.368166,0.0,1.0,1.0,1.0,1.0,0.0289,0.454778,0.15,0.212335,0.001839,0.13617,0.138374,0.211103,0.315584,0.198769
27,00:27-00:28,27.0,28.0,2.0,2.0,2.0,1.0,0.374747,0.0,1.0,1.0,1.0,1.0,0.033553,0.453517,0.15,0.12652,0.001391,0.134812,0.172819,0.145461,0.379487,0.16742
28,00:28-00:29,28.0,29.0,2.0,2.0,2.0,1.0,0.380991,0.0,0.6,1.0,1.0,0.6,0.024415,0.456788,0.09,0.11323,0.001602,0.11956,0.06513,0.115819,0.600786,0.098705
29,00:29-00:30,29.0,30.0,2.0,2.0,2.0,1.0,0.374488,0.0,1.75,2.0,2.0,1.0,0.048249,0.460065,0.0375,0.246773,0.001151,0.23921,0.059924,0.239701,0.290504,0.170661
30,00:30-00:31,30.0,31.0,2.0,2.0,2.0,1.0,0.375192,0.0,1.8,2.0,2.0,1.0,0.026595,0.461966,0.117469,0.174794,0.000892,0.197365,0.119277,0.174377,0.352468,0.156514
31,00:31-00:32,31.0,32.0,2.0,2.0,2.0,1.0,0.378055,0.0,1.2,2.0,1.6,1.0,0.021006,0.458849,0.12,0.216709,0.000628,0.230673,0.078887,0.212981,0.315702,0.161757
32,00:32-00:33,32.0,33.0,2.0,2.0,2.0,1.0,0.382823,0.0,0.8,1.0,1.0,0.8,0.029312,0.46132,0.12,0.168188,0.001182,0.180836,0.068146,0.165024,0.457416,0.128578
33,00:33-00:34,33.0,34.0,2.0,2.0,2.0,1.0,0.386688,0.0,1.0,1.0,1.0,1.0,0.066699,0.457273,0.15,0.269392,0.001275,0.296355,0.016826,0.254761,0.277296,0.154762
34,00:34-00:35,34.0,35.0,2.0,2.0,2.0,1.0,0.383415,0.0,1.0,1.0,1.0,1.0,0.044079,0.459604,0.15,0.249759,0.001052,0.218853,0.067746,0.249063,0.282627,0.181711
35,00:35-00:36,35.0,36.0,2.0,2.0,2.0,1.0,0.37814,0.0,1.8,3.0,2.6,1.0,0.047751,0.454604,0.077708,0.258145,0.001833,0.257672,0.042322,0.251762,0.280352,0.167893
36,00:36-00:37,36.0,37.0,2.0,2.0,2.0,1.0,0.372562,0.0,1.0,2.0,1.6,0.8,0.039795,0.454722,0.09,0.209563,0.000681,0.22187,0.023651,0.202313,0.423559,0.128607
37,00:37-00:38,37.0,38.0,2.0,2.0,2.0,1.0,0.372678,0.0,1.0,2.0,1.6,0.8,0.03362,0.453139,0.09,0.138669,0.000726,0.158564,0.098967,0.131759,0.488942,0.121768
38,00:38-00:39,38.0,39.0,2.0,2.0,2.0,1.0,0.371511,0.0,0.8,1.0,1.0,0.8,0.0228,0.455105,0.12,0.151653,0.000804,0.097881,0.125013,0.154297,0.466649,0.15616
39,00:39-00:40,39.0,40.0,2.0,2.0,2.0,1.0,0.37112,0.0,0.75,2.0,1.7,0.5,0.024652,0.454637,0.0375,0.107277,0.000642,0.123099,0.03541,0.104983,0.659862,0.076646
40,00:40-00:41,40.0,41.0,2.0,2.0,2.0,1.0,0.368358,0.0,0.6,1.0,1.0,0.6,0.038888,0.455527,0.09,0.162229,0.000757,0.177907,0.009973,0.152981,0.566177,0.092961
41,00:41-00:42,41.0,42.0,2.0,2.0,2.0,1.0,0.36661,0.0,0.6,1.0,1.0,0.6,0.018308,0.461191,0.09,0.151902,0.00103,0.126719,0.043227,0.149953,0.56867,0.111431
42,00:42-00:43,42.0,43.0,7.4,8.0,8.0,1.0,0.180795,6.4,4.4,5.0,5.0,1.0,0.026424,0.274131,0.0172,0.366036,0.042934,0.234772,0.068658,0.253626,0.248611,0.194333
43,00:43-00:44,43.0,44.0,7.75,9.0,8.7,1.0,0.178236,7.25,4.25,5.0,4.7,1.0,0.020896,0.254622,0.033764,0.386318,0.011692,0.22488,0.076601,0.255021,0.241354,0.202144
44,00:44-00:45,44.0,45.0,5.0,8.0,7.6,1.0,0.252875,3.2,3.4,6.0,5.6,0.8,0.012514,0.354202,0.016396,0.370546,0.012799,0.195676,0.061086,0.203176,0.377398,0.162664
45,00:45-00:46,45.0,46.0,2.0,2.0,2.0,1.0,0.366561,0.0,0.6,2.0,1.6,0.4,0.000595,0.461738,0.03,0.303444,0.001591,0.114043,0.028972,0.115581,0.647278,0.094126
46,00:46-00:47,46.0,47.0,2.0,2.0,2.0,1.0,0.357869,0.0,1.4,2.0,2.0,0.8,0.018881,0.467606,0.041902,0.284228,0.001107,0.220573,0.027262,0.214054,0.39511,0.143002
47,00:47-00:48,47.0,48.0,2.4,4.0,3.2,1.0,0.340715,0.0,1.4,2.0,2.0,1.0,0.067881,0.450317,0.102422,0.231711,0.019748,0.181575,0.099206,0.232698,0.29693,0.189591
48,00:48-00:49,48.0,49.0,3.75,4.0,4.0,1.0,0.259543,0.0,2.0,2.0,2.0,1.0,0.169494,0.395062,0.055768,0.140088,0.001431,0.147699,0.163902,0.147283,0.377145,0.163971
49,00:49-00:50,49.0,50.0,4.8,5.0,5.0,1.0,0.226068,0.8,2.0,2.0,2.0,1.0,0.166835,0.366271,0.050107,0.139535,0.019006,0.148841,0.16308,0.147506,0.376904,0.163668
50,00:50-00:51,50.0,51.0,4.4,5.0,5.0,1.0,0.240322,0.2,2.0,2.0,2.0,1.0,0.168004,0.390183,0.055576,0.137928,0.004323,0.156671,0.165148,0.133976,0.387961,0.156244
51,00:51-00:52,51.0,52.0,3.2,4.0,4.0,1.0,0.299245,0.0,1.6,2.0,2.0,0.8,0.100654,0.428096,0.035748,0.205926,0.017233,0.135835,0.117371,0.140519,0.46185,0.144424
52,00:52-00:53,52.0,53.0,2.0,2.0,2.0,1.0,0.36341,0.0,0.2,1.0,0.6,0.2,0.010792,0.450814,0.03,0.054618,0.000938,0.059388,0.003213,0.051107,0.85521,0.031082
53,00:53-00:54,53.0,54.0,2.0,2.0,2.0,1.0,0.360098,0.0,0.0,0.0,0.0,0.0,0.0,0.451988,0.0,0.0,0.001075,0.0,0.0,0.0,1.0,0.0
54,00:54-00:55,54.0,55.0,2.0,2.0,2.0,1.0,0.357625,0.0,0.4,2.0,1.2,0.2,0.000482,0.451663,0.0,0.143974,0.000674,0.068839,0.0,0.065626,0.821417,0.044118
55,00:55-00:56,55.0,56.0,2.0,2.0,2.0,1.0,0.358103,0.0,0.8,1.0,1.0,0.8,0.025449,0.450658,0.12,0.220003,0.001515,0.217294,0.041956,0.176184,0.439447,0.125119
56,00:56-00:57,56.0,57.0,2.0,2.0,2.0,1.0,0.350842,0.0,2.0,2.0,2.0,1.0,0.054915,0.451651,0.0,0.205184,0.002035,0.225822,0.085634,0.205673,0.323182,0.159688
57,00:57-00:58,57.0,58.0,2.2,3.0,2.6,1.0,0.339208,0.0,1.4,2.0,2.0,0.8,0.038493,0.444594,0.03,0.184657,0.011526,0.214555,0.040077,0.179068,0.445135,0.121165
58,00:58-00:59,58.0,59.0,2.0,2.0,2.0,1.0,0.313215,0.0,0.75,2.0,1.7,0.5,0.008914,0.547729,0.058337,0.14515,0.076011,0.129036,0.020373,0.128905,0.63429,0.087396
59,00:59-01:00,59.0,60.0,5.2,10.0,10.0,1.0,0.196719,2.8,2.8,6.0,4.8,1.0,0.013292,0.522923,0.128592,0.426536,0.074316,0.283655,0.034771,0.268517,0.225562,0.187495
60,01:00-01:01,60.0,61.0,4.4,9.0,9.0,1.0,0.395375,2.0,4.0,9.0,8.2,1.0,0.10886,0.200156,0.158513,0.205648,0.066031,0.203064,0.100567,0.204029,0.323537,0.168804
61,01:01-01:02,61.0,62.0,1.0,1.0,1.0,1.0,0.598056,0.0,1.0,1.0,1.0,1.0,0.266588,0.0,0.15,0.25,0.022433,0.276689,0.031238,0.250418,0.283493,0.158162
62,01:02-01:03,62.0,63.0,1.4,2.0,2.0,1.0,0.561229,0.2,1.0,1.0,1.0,1.0,0.27818,0.067484,0.15,0.249543,0.047542,0.276715,0.031391,0.250089,0.283812,0.157994
63,01:03-01:04,63.0,64.0,1.25,2.0,1.7,1.0,0.577159,0.25,1.0,1.0,1.0,1.0,0.290374,0.032188,0.15,0.25,0.006372,0.286974,0.024777,0.250599,0.283697,0.153953
64,01:04-01:05,64.0,65.0,3.4,5.0,5.0,1.0,0.258613,0.6,2.8,5.0,4.2,1.0,0.096046,0.226287,0.080971,0.554957,0.118813,0.298957,0.0364,0.285102,0.17551,0.20403
65,01:05-01:06,65.0,66.0,6.0,7.0,7.0,1.0,0.024951,2.8,4.0,5.0,5.0,1.0,0.004027,0.340382,0.055464,0.601546,0.081039,0.250582,0.08146,0.268259,0.174035,0.225664
66,01:06-01:07,66.0,67.0,5.2,7.0,6.2,1.0,0.088435,3.0,3.8,6.0,5.6,1.0,0.017267,0.376349,0.074046,0.429233,0.175875,0.191114,0.122324,0.22566,0.248981,0.211921
67,01:07-01:08,67.0,68.0,3.8,8.0,6.8,1.0,0.248352,1.0,2.8,5.0,4.6,1.0,0.042229,0.270873,0.06,0.198864,0.021438,0.167554,0.137723,0.174369,0.34718,0.173175
68,01:08-01:09,68.0,69.0,1.0,1.0,1.0,1.0,0.501868,0.0,1.25,2.0,2.0,0.75,0.038127,0.0,0.11727,0.184456,0.007437,0.15992,0.068013,0.1591,0.483444,0.129522
69,01:09-01:10,69.0,70.0,1.8,4.0,3.2,1.0,0.420141,0.4,0.8,1.0,1.0,0.8,0.049775,0.155382,0.12,0.256432,0.102782,0.243299,0.006118,0.212168,0.407538,0.130877
70,01:10-01:11,70.0,71.0,2.0,2.0,2.0,1.0,0.308548,0.0,0.6,2.0,1.6,0.4,0.003613,0.250751,0.081573,0.139583,0.028826,0.122969,0.002349,0.108052,0.699447,0.067184
71,01:11-01:12,71.0,72.0,1.8,2.0,2.0,1.0,0.404572,0.2,0.6,2.0,1.6,0.4,0.006745,0.16948,0.076337,0.210458,0.040209,0.121146,0.008222,0.117157,0.672372,0.081103
72,01:12-01:13,72.0,73.0,9.0,16.0,14.8,1.0,0.155076,7.4,3.4,6.0,5.2,1.0,0.012721,0.369199,0.060945,0.45458,0.070972,0.21246,0.09078,0.256813,0.219979,0.219969
73,01:13-01:14,73.0,74.0,12.75,13.0,13.0,1.0,0.064114,11.25,4.25,5.0,5.0,1.0,0.004905,0.338438,0.00737,0.556101,0.072357,0.2077,0.115809,0.243505,0.197789,0.235196
74,01:14-01:15,74.0,75.0,8.4,13.0,13.0,1.0,0.14717,6.6,2.6,4.0,4.0,0.8,0.00474,0.426072,0.0,0.401827,0.055658,0.186272,0.068364,0.203755,0.364213,0.177396
75,01:15-01:16,75.0,76.0,2.0,2.0,2.0,1.0,0.258003,0.0,1.4,3.0,2.6,0.8,0.053974,0.62504,0.091963,0.215082,0.016563,0.228217,0.019232,0.203261,0.422003,0.127287
76,01:16-01:17,76.0,77.0,2.6,4.0,3.6,1.0,0.291484,0.6,1.0,2.0,2.0,0.6,0.011197,0.505516,0.032007,0.167079,0.014009,0.178703,0.00894,0.15403,0.564487,0.093839
77,01:17-01:18,77.0,78.0,4.6,9.0,8.2,1.0,0.242789,1.6,1.8,3.0,2.6,1.0,0.058903,0.456972,0.06,0.263372,0.013457,0.248947,0.061786,0.224231,0.2992,0.165836
78,01:18-01:19,78.0,79.0,6.25,8.0,7.4,1.0,0.150719,4.25,2.0,3.0,2.7,1.0,0.051452,0.348781,0.080063,0.169916,0.021024,0.179692,0.132607,0.16971,0.355857,0.162134
79,01:19-01:20,79.0,80.0,5.8,8.0,7.2,1.0,0.171895,7.2,2.2,4.0,3.2,1.0,0.016996,0.240706,0.081706,0.163293,0.04295,0.122777,0.193901,0.123936,0.38812,0.171267
80,01:20-01:21,80.0,81.0,6.0,8.0,7.6,1.0,0.165648,5.4,2.2,3.0,2.6,1.0,0.043366,0.315489,0.0,0.278765,0.054329,0.220308,0.081948,0.22105,0.296918,0.179777
81,01:21-01:22,81.0,82.0,3.8,5.0,4.6,1.0,0.100441,1.2,1.6,3.0,3.0,0.6,0.011642,0.371033,0.051871,0.220096,0.064827,0.113599,0.082674,0.113658,0.570994,0.119074
82,01:22-01:23,82.0,83.0,2.0,4.0,3.2,1.0,0.026354,0.4,0.2,1.0,0.6,0.2,0.000147,0.175336,0.03,0.107362,0.062027,0.071717,0.005191,0.044659,0.842924,0.035508
83,01:23-01:24,83.0,84.0,2.25,3.0,2.7,1.0,0.026069,0.25,0.25,1.0,0.7,0.25,0.008308,0.375051,0.0375,0.196764,0.076812,0.087715,0.0,0.084722,0.769953,0.05761
84,01:24-01:25,84.0,85.0,1.0,1.0,1.0,1.0,0.648733,0.0,1.4,2.0,2.0,1.0,0.169215,0.0,0.159969,0.44928,0.042443,0.312493,0.008554,0.282473,0.212798,0.183682
85,01:25-01:26,85.0,86.0,5.2,8.0,8.0,1.0,0.332861,1.2,4.2,7.0,6.6,1.0,0.068168,0.185211,0.103517,0.402435,0.023282,0.214695,0.108956,0.213231,0.266371,0.196747
86,01:26-01:27,86.0,87.0,6.0,11.0,10.2,1.0,0.324794,2.8,3.2,5.0,5.0,1.0,0.088717,0.191157,0.10885,0.30332,0.014982,0.195392,0.122767,0.187435,0.312416,0.18199
87,01:27-01:28,87.0,88.0,1.0,1.0,1.0,1.0,0.663069,0.0,1.0,1.0,1.0,1.0,0.206004,0.0,0.15,0.342806,0.005068,0.309748,0.003717,0.264064,0.256324,0.166147
88,01:28-01:29,88.0,89.0,1.0,1.0,1.0,1.0,0.700508,0.0,1.0,1.0,1.0,1.0,0.143429,0.0,0.15,0.432661,0.031431,0.319125,0.003684,0.277416,0.221259,0.178516
89,01:29-01:30,89.0,90.0,1.0,1.0,1.0,1.0,0.720939,0.0,1.0,1.0,1.0,1.0,0.122117,0.0,0.15,0.483165,0.001175,0.322194,0.0,0.292631,0.197086,0.188089
90,01:30-01:31,90.0,91.0,1.0,1.0,1.0,1.0,0.699816,0.0,0.8,1.0,1.0,0.8,0.084568,0.0,0.12,0.323292,0.027558,0.247202,0.006069,0.221786,0.382821,0.142122
91,01:31-01:32,91.0,92.0,1.0,1.0,1.0,1.0,0.681156,0.0,1.4,2.0,2.0,1.0,0.15748,0.0,0.165171,0.463769,0.004429,0.285311,0.02399,0.286588,0.205856,0.198254
92,01:32-01:33,92.0,93.0,2.25,6.0,4.5,1.0,0.552027,1.0,1.0,1.0,1.0,1.0,0.203649,0.086213,0.15,0.332862,0.068191,0.209774,0.065574,0.266011,0.253584,0.205056
93,01:33-01:34,93.0,94.0,5.8,7.0,6.6,1.0,0.242522,3.6,1.4,2.0,2.0,1.0,0.172989,0.324048,0.189725,0.34699,0.010044,0.17607,0.087639,0.265381,0.249526,0.221382
94,01:34-01:35,94.0,95.0,3.0,6.0,6.0,1.0,0.474252,1.2,1.2,2.0,1.6,1.0,0.179942,0.139654,0.168909,0.337731,0.011723,0.192797,0.076765,0.26346,0.25423,0.212748
95,01:35-01:36,95.0,96.0,1.0,1.0,1.0,1.0,0.63772,0.0,1.0,1.0,1.0,1.0,0.206717,0.0,0.15,0.335389,0.001818,0.223814,0.055357,0.267164,0.253319,0.200347
96,01:36-01:37,96.0,97.0,1.0,1.0,1.0,1.0,0.641317,0.0,1.4,2.0,2.0,1.0,0.166863,0.0,0.15769,0.359117,0.001927,0.212307,0.077008,0.253192,0.253515,0.203978
97,01:37-01:38,97.0,98.0,1.0,1.0,1.0,1.0,0.630609,0.0,1.5,2.0,2.0,1.0,0.162312,0.0,0.167788,0.375868,0.001988,0.225979,0.071565,0.253093,0.249879,0.199485
98,01:38-01:39,98.0,99.0,1.0,1.0,1.0,1.0,0.618016,0.0,1.2,2.0,1.6,1.0,0.191743,0.0,0.166871,0.312173,0.001215,0.209563,0.073868,0.248466,0.27123,0.196872
99,01:39-01:40,99.0,100.0,4.6,8.0,7.6,1.0,0.392047,3.4,2.4,3.0,3.0,1.0,0.107451,0.183247,0.150772,0.358951,0.051735,0.1698,0.108663,0.24637,0.255399,0.219769
100,01:40-01:41,100.0,101.0,6.8,8.0,7.6,1.0,0.249238,5.2,1.4,2.0,2.0,1.0,0.167416,0.307033,0.138512,0.235084,0.011366,0.217233,0.077804,0.23136,0.297975,0.175629
101,01:41-01:42,101.0,102.0,6.8,8.0,7.6,1.0,0.265347,5.4,1.2,2.0,1.6,1.0,0.202333,0.298389,0.155267,0.278908,0.021543,0.188897,0.08622,0.249165,0.2758,0.199919
102,01:42-01:43,102.0,103.0,2.0,5.0,3.8,1.0,0.542107,0.5,1.0,1.0,1.0,1.0,0.194097,0.084659,0.15,0.261985,0.015906,0.251615,0.053123,0.237951,0.28891,0.168402
103,01:43-01:44,103.0,104.0,3.4,5.0,5.0,1.0,0.351512,1.8,2.4,4.0,3.6,1.0,0.072049,0.175682,0.07597,0.401079,0.084567,0.2493,0.063022,0.249749,0.244546,0.193382
104,01:44-01:45,104.0,105.0,3.4,5.0,5.0,1.0,0.332438,1.8,3.4,5.0,4.6,1.0,0.059612,0.175435,0.056592,0.461057,0.005224,0.232738,0.077258,0.257636,0.22238,0.209989
105,01:45-01:46,105.0,106.0,1.0,1.0,1.0,1.0,0.592043,0.0,1.2,2.0,1.6,1.0,0.191729,0.0,0.130258,0.398056,0.003698,0.231771,0.053155,0.277043,0.229451,0.20858
106,01:46-01:47,106.0,107.0,1.6,2.0,2.0,1.0,0.667566,0.6,1.2,2.0,1.6,1.0,0.161639,0.027199,0.172994,0.251603,0.041291,0.214492,0.085593,0.219419,0.304637,0.175859
107,01:47-01:48,107.0,108.0,1.25,2.0,1.7,1.0,0.918528,0.25,1.25,2.0,1.7,1.0,0.252956,0.016706,0.1125,0.288257,0.003925,0.271324,0.041373,0.24478,0.275259,0.167264
108,01:48-01:49,108.0,109.0,1.0,1.0,1.0,1.0,0.83858,0.0,1.2,2.0,1.6,1.0,0.24693,0.0,0.12,0.277623,0.035736,0.277901,0.03396,0.249141,0.276224,0.162774
109,01:49-01:50,109.0,110.0,1.0,1.0,1.0,1.0,0.71052,0.0,1.0,1.0,1.0,1.0,0.128998,0.0,0.15,0.11461,0.003574,0.119488,0.195602,0.119492,0.403966,0.161452
110,01:50-01:51,110.0,111.0,1.0,1.0,1.0,1.0,0.790696,0.0,1.0,1.0,1.0,1.0,0.275816,0.0,0.15,0.204876,0.014287,0.235359,0.079341,0.206443,0.324308,0.154548
111,01:51-01:52,111.0,112.0,1.0,1.0,1.0,1.0,0.54723,0.0,1.0,1.0,1.0,1.0,0.30492,0.0,0.15,0.250914,0.013115,0.293387,0.020651,0.250899,0.283515,0.151548
112,01:52-01:53,112.0,113.0,1.0,1.0,1.0,1.0,0.52077,0.0,1.0,1.0,1.0,1.0,0.286155,0.0,0.15,0.25,0.005094,0.279728,0.029329,0.250472,0.283553,0.156918
113,01:53-01:54,113.0,114.0,1.0,1.0,1.0,1.0,0.660858,0.0,1.0,1.0,1.0,1.0,0.312822,0.0,0.15,0.261061,0.003775,0.281173,0.027247,0.252778,0.279824,0.158979
114,01:54-01:55,114.0,115.0,1.0,1.0,1.0,1.0,0.635425,0.0,1.4,2.0,2.0,1.0,0.154027,0.0,0.117739,0.409409,0.005154,0.312405,0.007951,0.278643,0.225083,0.175918
115,01:55-01:56,115.0,116.0,1.0,1.0,1.0,1.0,0.597674,0.0,1.0,1.0,1.0,1.0,0.155077,0.0,0.15,0.347207,0.001161,0.308863,0.000592,0.271254,0.250725,0.168566
116,01:56-01:57,116.0,117.0,1.0,1.0,1.0,1.0,0.591587,0.0,1.0,1.0,1.0,1.0,0.153447,0.0,0.15,0.347602,0.000767,0.308871,0.000693,0.27129,0.25054,0.168607
117,01:57-01:58,117.0,118.0,1.0,1.0,1.0,1.0,0.579075,0.0,1.0,1.0,1.0,1.0,0.157544,0.0,0.15,0.340419,0.002802,0.307761,0.002021,0.269801,0.253068,0.16735
118,01:58-01:59,118.0,119.0,1.0,1.0,1.0,1.0,0.58378,0.0,1.0,1.0,1.0,1.0,0.170967,0.0,0.15,0.363616,0.002541,0.310643,0.0,0.273991,0.244341,0.171025
119,01:59-02:00,119.0,120.0,10.8,11.0,11.0,1.0,0.080077,6.8,3.2,4.0,3.6,1.0,0.008965,0.305349,0.0,0.389538,0.046366,0.168249,0.14358,0.202608,0.273073,0.212491
120,02:00-02:01,120.0,121.0,6.2,12.0,9.6,1.0,0.21426,2.4,1.4,4.0,2.8,0.8,0.005411,0.375342,0.09,0.514869,0.082807,0.244822,0.025868,0.238212,0.316393,0.174706
121,02:01-02:02,121.0,122.0,1.0,1.0,1.0,1.0,0.41811,0.0,0.4,1.0,1.0,0.4,0.011776,0.0,0.06,0.049117,0.123603,0.05912,0.069168,0.051813,0.757111,0.062789
122,02:02-02:03,122.0,123.0,1.0,2.0,1.7,0.75,0.011598,0.0,0.75,1.0,1.0,0.75,0.003224,0.069684,0.1125,0.204096,0.104382,0.078551,0.161206,0.092778,0.517982,0.149483
123,02:03-02:04,123.0,124.0,1.6,3.0,2.6,0.8,0.318207,0.6,1.6,3.0,3.0,0.8,0.005043,0.10232,0.06,0.457179,0.029286,0.238589,0.030665,0.224862,0.342021,0.163862
124,02:04-02:05,124.0,125.0,8.8,12.0,11.6,1.0,0.179592,7.0,1.0,5.0,3.0,0.2,0.002042,0.281679,0.0,0.092289,0.102968,0.055905,0.011068,0.049271,0.846367,0.03739
125,02:05-02:06,125.0,126.0,6.4,11.0,10.6,1.0,0.380282,4.6,0.8,2.0,1.6,0.6,0.058832,0.252534,0.147281,0.248871,0.045091,0.178809,0.017372,0.16095,0.535971,0.106899
126,02:06-02:07,126.0,127.0,2.0,3.0,2.7,1.0,0.478339,0.25,1.75,2.0,2.0,1.0,0.072789,0.150642,0.362462,0.173513,0.024306,0.206553,0.109172,0.183009,0.345329,0.155937
127,02:07-02:08,127.0,128.0,2.6,4.0,3.6,1.0,0.368965,0.6,2.0,3.0,2.6,1.0,0.012406,0.291306,0.27966,0.363944,0.083726,0.294715,0.016188,0.271654,0.242184,0.175258
128,02:08-02:09,128.0,129.0,8.6,14.0,12.8,1.0,0.081455,9.2,2.2,4.0,4.0,0.8,0.007752,0.320413,0.053083,0.529243,0.117892,0.242057,0.021635,0.250712,0.303472,0.182124
129,02:09-02:10,129.0,130.0,15.0,22.0,20.0,1.0,0.028031,23.0,2.2,4.0,3.6,1.0,0.01019,0.320051,0.096862,0.625165,0.067675,0.28846,0.043112,0.292124,0.149801,0.226503
130,02:10-02:11,130.0,131.0,14.8,17.0,16.6,1.0,0.079829,22.2,1.0,2.0,1.6,0.8,0.003158,0.331849,0.169761,0.443449,0.081102,0.174755,0.073633,0.218617,0.346751,0.186244
131,02:11-02:12,131.0,132.0,9.5,12.0,11.4,1.0,0.135141,9.0,0.5,1.0,1.0,0.5,0.008849,0.354807,0.075,0.159509,0.054498,0.128353,0.019791,0.131726,0.629152,0.090978
132,02:12-02:13,132.0,133.0,12.2,17.0,16.2,1.0,0.084514,15.8,2.2,4.0,3.6,0.8,0.004073,0.313266,0.060892,0.476464,0.079729,0.189765,0.053969,0.236073,0.328982,0.19121
133,02:13-02:14,133.0,134.0,6.8,11.0,10.2,1.0,0.343498,4.8,0.6,1.0,1.0,0.6,0.003583,0.252036,0.09,0.390964,0.054841,0.168355,0.021664,0.190226,0.478856,0.140898
134,02:14-02:15,134.0,135.0,3.6,7.0,6.2,1.0,0.524274,1.6,1.2,2.0,2.0,0.8,0.018781,0.175548,0.109717,0.169386,0.063982,0.178189,0.081616,0.141863,0.473741,0.124591
135,02:15-02:16,135.0,136.0,4.0,5.0,5.0,1.0,0.348536,0.8,2.6,4.0,4.0,0.8,0.018961,0.250476,0.061059,0.185635,0.044309,0.180459,0.061559,0.178508,0.444193,0.135282
136,02:16-02:17,136.0,137.0,1.0,1.0,1.0,1.0,0.820082,0.0,0.25,1.0,0.7,0.25,0.04808,0.0,0.0375,0.04999,0.050672,0.041595,0.029989,0.052636,0.829472,0.046308
137,02:17-02:18,137.0,138.0,1.0,1.0,1.0,1.0,0.661612,0.0,0.4,1.0,1.0,0.4,0.07105,0.0,0.06,0.091555,0.062662,0.085912,0.031302,0.093384,0.719028,0.070374
138,02:18-02:19,138.0,139.0,2.2,5.0,3.8,1.0,0.603884,0.4,0.0,0.0,0.0,0.0,0.0,0.188372,0.0,0.0,0.090828,0.0,0.0,0.0,1.0,0.0
139,02:19-02:20,139.0,140.0,2.8,5.0,4.2,1.0,0.303748,0.2,0.4,2.0,1.2,0.2,0.027817,0.380202,0.0,0.05,0.12853,0.055743,0.005993,0.050091,0.856707,0.031466
