event,time_period,speech_ratio,speaker_count,turn_taking_rate,overlap_speech,prosody_arousal,loudness_mean,pitch_std,jitter_mean,diarization_mode,prosody_mode
Event 0,00:00-00:26,0.210227,2.0,2.307692,0.0,-0.17468,0.049981,14.124578,0.000257,pyannote,opensmile
Event 1,00:26-00:35,0.941875,3.0,26.666667,0.0,0.380226,0.189808,3.236474,0.008889,pyannote,opensmile
Event 2,00:35-01:07,0.704405,2.0,9.375,0.0,0.400436,0.205463,6.317412,0.007261,pyannote,opensmile
Event 3,01:07-01:47,0.019788,1.0,0.0,0.0,0.786355,0.497053,1.492095,0.000917,pyannote,opensmile
Event 4,01:47-02:12,0.047314,2.0,2.4,0.0,0.450275,0.286727,3.090806,0.000895,pyannote,opensmile
Event 5,02:12-02:35,0.698478,2.0,13.043478,0.0,0.328616,0.210829,4.732422,0.003918,pyannote,opensmile
Event 6,02:35-02:55,0.3645,2.0,6.0,0.0,0.602674,0.326074,5.686099,0.004341,pyannote,opensmile
Event 7,02:55-03:37,0.0,0.0,0.0,0.0,0.133872,0.144178,4.254408,0.003726,pyannote,opensmile
Event 8,03:37-03:45,0.0,0.0,0.0,0.0,0.495118,0.312644,3.198733,0.000534,pyannote,opensmile
Event 9,03:45-04:07,0.375852,2.0,5.454545,0.0,0.316582,0.210465,7.548032,0.002867,pyannote,opensmile
Event 10,04:07-04:29,0.0,0.0,0.0,0.0,-0.293428,0.008929,0.0,0.0,pyannote,opensmile
Event 11,04:29-05:14,0.357375,4.0,4.0,0.010125,0.299136,0.206349,6.967179,0.002925,pyannote,opensmile
Event 12,05:14-05:55,0.831074,2.0,1.463415,0.0,0.505601,0.262113,4.124603,0.007939,pyannote,opensmile
Event 13,05:55-06:27,0.890313,2.0,1.875,0.0,0.497792,0.225109,7.003391,0.007496,pyannote,opensmile
Event 14,06:27-07:05,0.668273,2.0,11.052632,0.0,0.314628,0.176194,4.790536,0.006144,pyannote,opensmile
Event 15,07:05-07:26,0.836237,3.0,14.285714,0.0,0.327612,0.185008,5.30584,0.005972,pyannote,opensmile
Event 16,07:26-08:01,0.662401,2.0,12.0,0.0,0.455907,0.224549,7.88096,0.010541,pyannote,opensmile
Event 17,08:01-08:22,0.820552,1.0,0.0,0.0,0.400352,0.190996,8.346987,0.014359,pyannote,opensmile
Event 18,08:22-08:44,0.566847,2.0,5.454545,0.0,0.403247,0.215314,7.190571,0.00822,pyannote,opensmile
Event 19,08:44-09:06,0.011291,1.0,0.0,0.0,-0.266467,0.018938,0.184365,0.000137,pyannote,opensmile
Event 20,09:06-09:31,0.679375,2.0,2.4,0.0,0.443968,0.220116,3.291839,0.01435,pyannote,opensmile
Event 21,09:31-10:05,0.265433,2.0,1.764706,0.0,0.058374,0.121222,3.397303,0.003689,pyannote,opensmile
Event 22,10:05-10:51,0.745068,2.0,2.608696,0.0,0.366645,0.206578,3.047903,0.007774,pyannote,opensmile
Event 23,10:51-11:25,0.93942,2.0,1.764706,0.0,0.576432,0.280451,3.94802,0.0112,pyannote,opensmile
Event 24,11:25-11:41,0.734318,2.0,7.5,0.0,0.211902,0.156922,2.778351,0.006318,pyannote,opensmile
Event 25,11:41-11:57,0.830096,3.0,7.5,0.0,0.495119,0.231395,4.310187,0.01148,pyannote,opensmile
Event 26,11:57-12:27,0.779595,1.0,0.0,0.0,0.315018,0.192567,3.768701,0.007413,pyannote,opensmile
Event 27,12:27-12:56,0.807294,3.0,8.275862,0.0,0.482789,0.20403,6.188901,0.016545,pyannote,opensmile
Event 28,12:56-13:14,0.065297,2.0,6.666667,0.0,-0.088169,0.07673,4.101112,0.001713,pyannote,opensmile
Event 29,13:14-13:31,0.0,0.0,0.0,0.0,-0.299068,0.006686,0.0,0.0,pyannote,opensmile
