second,timestamp,speech,speaker_count_second,overlap_speech_second,turn_change_second,prosody_valid,prosody_arousal,loudness_mean,pitch_std,jitter_mean,diarization_mode,prosody_mode
0,00:00,1,1,0.0,0,1,0.448007,0.391273,0.690651,0.010933,pyannote,opensmile
1,00:01,1,1,0.0,0,1,0.467147,0.37162,1.439463,0.011505,pyannote,opensmile
2,00:02,1,1,0.0,0,1,0.417966,0.34347,1.99894,0.009727,pyannote,opensmile
3,00:03,1,1,0.0,0,1,0.393827,0.332635,0.574593,0.010311,pyannote,opensmile
4,00:04,1,1,0.0,0,1,0.111588,0.18474,1.482774,0.003497,pyannote,opensmile
5,00:05,1,1,0.0,0,1,0.558477,0.380482,3.974501,0.029882,pyannote,opensmile
6,00:06,1,1,0.0,0,1,0.514489,0.365745,2.203873,0.022135,pyannote,opensmile
7,00:07,1,1,0.0,0,1,0.436475,0.325503,0.727779,0.020575,pyannote,opensmile
8,00:08,1,1,0.0,0,1,0.258189,0.250959,2.083893,0.010194,pyannote,opensmile
9,00:09,1,1,0.0,0,1,-0.076464,0.052844,0.0,0.0,pyannote,opensmile
10,00:10,1,1,0.0,0,1,0.592468,0.495157,1.974421,0.015804,pyannote,opensmile
11,00:11,1,1,0.0,0,1,0.043859,0.152744,0.401756,0.000711,pyannote,opensmile
12,00:12,0,0,0.0,0,0,-0.088584,0.039639,0.281347,0.0,pyannote,opensmile
13,00:13,0,0,0.0,0,0,-0.09163,0.039726,0.0,0.0,pyannote,opensmile
14,00:14,0,0,0.0,0,0,-0.095608,0.036279,0.0,0.0,pyannote,opensmile
15,00:15,0,0,0.0,0,0,-0.10488,0.028235,0.0,0.0,pyannote,opensmile
16,00:16,0,0,0.0,0,0,-0.105352,0.027825,0.0,0.0,pyannote,opensmile
17,00:17,0,0,0.0,0,0,-0.097218,0.034884,0.0,0.0,pyannote,opensmile
18,00:18,1,1,0.0,1,1,-0.02918,0.087171,0.245532,0.000754,pyannote,opensmile
19,00:19,1,1,0.0,0,1,0.345109,0.394906,0.993764,0.010214,pyannote,opensmile
20,00:20,1,1,0.0,1,1,0.163017,0.177718,0.709167,0.006542,pyannote,opensmile
21,00:21,1,1,0.0,0,1,0.359688,0.327411,1.506165,0.008163,pyannote,opensmile
22,00:22,1,1,0.0,1,1,0.070851,0.166,1.151329,0.002814,pyannote,opensmile
23,00:23,1,1,0.0,0,1,0.379124,0.381063,2.429846,0.01338,pyannote,opensmile
24,00:24,1,1,0.0,0,1,0.347055,0.369949,2.210129,0.00747,pyannote,opensmile
25,00:25,1,1,0.0,0,1,0.395071,0.381806,1.41169,0.015141,pyannote,opensmile
26,00:26,1,1,0.0,0,1,0.360349,0.376578,1.752332,0.014162,pyannote,opensmile
27,00:27,1,1,0.0,0,1,-0.050532,0.075207,0.0,0.0,pyannote,opensmile
28,00:28,0,0,0.0,0,0,-0.102675,0.03015,0.0,0.0,pyannote,opensmile
29,00:29,0,0,0.0,0,0,-0.096671,0.035357,0.0,0.0,pyannote,opensmile
30,00:30,0,0,0.0,0,0,-0.09456,0.037188,0.0,0.0,pyannote,opensmile
31,00:31,0,0,0.0,0,0,-0.000209,0.118463,0.0,0.0,pyannote,opensmile
32,00:32,0,0,0.0,0,0,-0.097358,0.034762,0.0,0.0,pyannote,opensmile
33,00:33,0,0,0.0,0,0,-0.081206,0.048746,0.0,0.0,pyannote,opensmile
34,00:34,1,1,0.0,1,1,0.473807,0.41242,2.04145,0.017238,pyannote,opensmile
35,00:35,1,1,0.0,0,1,-0.060653,0.066488,0.0,0.0,pyannote,opensmile
36,00:36,0,0,0.0,0,0,-0.093423,0.038173,0.0,0.0,pyannote,opensmile
37,00:37,0,0,0.0,0,0,-0.100603,0.031947,0.0,0.0,pyannote,opensmile
38,00:38,1,1,0.0,0,1,0.263316,0.271505,1.181241,0.007294,pyannote,opensmile
39,00:39,1,1,0.0,0,1,-0.048289,0.077138,0.0,0.0,pyannote,opensmile
40,00:40,0,0,0.0,0,0,-0.101947,0.030781,0.0,0.0,pyannote,opensmile
41,00:41,1,1,0.0,0,1,0.181107,0.223121,0.483861,0.004311,pyannote,opensmile
42,00:42,1,1,0.0,0,1,-0.02899,0.051511,1.089478,0.003423,pyannote,opensmile
43,00:43,1,1,0.0,0,1,0.252514,0.285899,0.561193,0.003964,pyannote,opensmile
44,00:44,1,1,0.0,0,1,0.137085,0.179831,0.482557,0.003925,pyannote,opensmile
45,00:45,1,1,0.0,0,1,-0.020356,0.066978,0.066487,0.003912,pyannote,opensmile
46,00:46,0,0,0.0,0,0,-0.094192,0.037507,0.0,0.0,pyannote,opensmile
47,00:47,1,1,0.0,0,1,0.271602,0.273631,0.711864,0.010308,pyannote,opensmile
48,00:48,0,0,0.0,0,0,-0.0976,0.034552,0.0,0.0,pyannote,opensmile
49,00:49,1,1,0.0,0,1,0.359293,0.336636,0.861093,0.009538,pyannote,opensmile
50,00:50,1,1,0.0,0,1,0.30681,0.299051,6.94701,0.00719,pyannote,opensmile
51,00:51,1,1,0.0,0,1,-0.048194,0.07722,0.0,0.0,pyannote,opensmile
52,00:52,1,2,0.0,1,1,0.251445,0.211766,0.217353,0.012113,pyannote,opensmile
53,00:53,1,2,0.0,1,1,0.335997,0.309821,0.42468,0.008855,pyannote,opensmile
54,00:54,1,1,0.0,0,1,0.309769,0.269271,1.656417,0.011586,pyannote,opensmile
55,00:55,1,1,0.0,0,1,0.314427,0.308897,1.410779,0.007392,pyannote,opensmile
56,00:56,1,1,0.0,0,1,0.32236,0.30384,1.033064,0.009087,pyannote,opensmile
57,00:57,1,1,0.0,0,1,0.585908,0.555052,1.686795,0.01288,pyannote,opensmile
58,00:58,1,1,0.0,0,1,0.847794,1.050206,2.093061,0.011148,pyannote,opensmile
59,00:59,1,1,0.0,0,1,0.900138,1.247915,2.894397,0.01214,pyannote,opensmile
60,01:00,1,1,0.0,0,1,0.878713,1.227266,0.952785,0.004271,pyannote,opensmile
61,01:01,1,1,0.0,0,1,0.87257,1.240313,3.148512,0.001883,pyannote,opensmile
62,01:02,0,0,0.0,0,0,0.779562,0.999332,0.045443,0.000828,pyannote,opensmile
63,01:03,0,0,0.0,0,0,0.810404,1.087595,0.0,0.0,pyannote,opensmile
64,01:04,1,1,0.0,0,1,0.873587,1.093258,1.406964,0.014211,pyannote,opensmile
65,01:05,0,0,0.0,0,0,0.744217,0.943017,0.0,0.0,pyannote,opensmile
66,01:06,0,0,0.0,0,0,0.717119,0.893052,0.0,0.0,pyannote,opensmile
67,01:07,0,0,0.0,0,0,0.680114,0.830905,0.0,0.0,pyannote,opensmile
68,01:08,0,0,0.0,0,0,0.654809,0.791694,0.0,0.0,pyannote,opensmile
69,01:09,1,1,0.0,1,1,0.706215,0.837562,0.86614,0.003708,pyannote,opensmile
70,01:10,0,0,0.0,0,0,0.534512,0.630893,0.0,0.0,pyannote,opensmile
71,01:11,0,0,0.0,0,0,0.518431,0.611784,0.0,0.0,pyannote,opensmile
72,01:12,0,0,0.0,0,0,0.50722,0.598719,0.0,0.0,pyannote,opensmile
73,01:13,0,0,0.0,0,0,0.549352,0.648938,0.0,0.0,pyannote,opensmile
74,01:14,0,0,0.0,0,0,0.464958,0.551173,0.0,0.0,pyannote,opensmile
75,01:15,0,0,0.0,0,0,0.569155,0.67369,0.0,0.0,pyannote,opensmile
76,01:16,1,1,0.0,1,1,0.826489,0.921502,1.952757,0.013587,pyannote,opensmile
77,01:17,1,1,0.0,0,1,0.831832,0.985803,2.044458,0.011421,pyannote,opensmile
78,01:18,1,1,0.0,0,1,0.830961,0.972883,1.139404,0.012509,pyannote,opensmile
79,01:19,1,1,0.0,0,1,0.591373,0.68111,0.841384,0.002296,pyannote,opensmile
80,01:20,0,0,0.0,0,0,0.195236,0.288501,0.0,0.0,pyannote,opensmile
81,01:21,0,0,0.0,0,0,0.267079,0.153911,10.491785,0.013726,pyannote,opensmile
82,01:22,0,0,0.0,0,0,0.623719,0.107616,0.014799,0.040898,pyannote,opensmile
83,01:23,0,0,0.0,0,0,0.481934,0.097642,11.666394,0.041897,pyannote,opensmile
84,01:24,0,0,0.0,0,0,0.272803,0.094566,7.270317,0.028805,pyannote,opensmile
85,01:25,1,1,0.0,1,1,0.250666,0.095657,6.609383,0.03636,pyannote,opensmile
86,01:26,1,1,0.0,0,1,0.251049,0.287874,3.332569,0.008973,pyannote,opensmile
87,01:27,1,1,0.0,0,1,0.129096,0.109541,7.348008,0.007165,pyannote,opensmile
88,01:28,1,1,0.0,0,1,0.080778,0.169872,3.447693,0.00294,pyannote,opensmile
89,01:29,1,1,0.0,0,1,0.069983,0.198418,0.605369,0.0,pyannote,opensmile
90,01:30,0,0,0.0,0,0,0.242928,0.129161,8.820293,0.016401,pyannote,opensmile
91,01:31,0,0,0.0,0,0,0.212481,0.111037,6.814536,0.008491,pyannote,opensmile
92,01:32,0,0,0.0,0,0,0.006485,0.087579,1.421612,0.004384,pyannote,opensmile
93,01:33,0,0,0.0,0,0,0.115452,0.086882,3.217575,0.018383,pyannote,opensmile
94,01:34,0,0,0.0,0,0,0.075152,0.101211,0.455928,0.012579,pyannote,opensmile
95,01:35,0,0,0.0,0,0,0.11112,0.119413,9.840075,0.012563,pyannote,opensmile
96,01:36,1,1,0.0,1,1,0.39783,0.326791,0.458162,0.011091,pyannote,opensmile
97,01:37,1,1,0.0,0,1,0.409915,0.363576,0.380818,0.009558,pyannote,opensmile
98,01:38,1,1,0.0,0,1,0.262155,0.275204,6.50735,0.009396,pyannote,opensmile
99,01:39,1,1,0.0,0,1,0.095094,0.115078,5.880927,0.014385,pyannote,opensmile
100,01:40,1,1,0.0,0,1,0.232688,0.182379,1.968134,0.013013,pyannote,opensmile
101,01:41,1,1,0.0,0,1,0.104064,0.170891,0.414051,0.003509,pyannote,opensmile
102,01:42,1,1,0.0,0,1,0.196066,0.185402,4.177154,0.012505,pyannote,opensmile
103,01:43,1,2,0.0,1,1,0.150928,0.210644,0.769874,0.007645,pyannote,opensmile
104,01:44,1,1,0.0,0,1,0.186222,0.195328,7.84913,0.011274,pyannote,opensmile
105,01:45,1,1,0.0,1,1,-0.026793,0.083625,3.713648,0.001396,pyannote,opensmile
106,01:46,1,2,0.0,1,1,0.287785,0.280101,8.848118,0.021829,pyannote,opensmile
107,01:47,1,2,0.0,1,1,0.258494,0.29204,4.068558,0.020452,pyannote,opensmile
108,01:48,1,2,0.0,1,1,0.402635,0.276833,5.374692,0.029757,pyannote,opensmile
109,01:49,1,2,0.0,1,1,0.551902,0.407325,9.338719,0.020867,pyannote,opensmile
110,01:50,1,1,0.0,0,1,0.703486,0.479675,6.585644,0.051392,pyannote,opensmile
111,01:51,1,1,0.0,0,1,0.464795,0.332972,3.154865,0.02594,pyannote,opensmile
112,01:52,1,1,0.0,0,1,0.44187,0.415571,6.559678,0.014605,pyannote,opensmile
113,01:53,1,1,0.0,0,1,0.277376,0.302036,2.122873,0.005844,pyannote,opensmile
114,01:54,1,1,0.0,0,1,0.260675,0.295523,5.345325,0.005412,pyannote,opensmile
115,01:55,1,2,0.0,1,1,0.399983,0.241142,2.599351,0.034089,pyannote,opensmile
116,01:56,0,0,0.0,0,0,0.478193,0.227098,2.92639,0.039253,pyannote,opensmile
117,01:57,0,0,0.0,0,0,0.453941,0.288257,0.977537,0.025622,pyannote,opensmile
118,01:58,0,0,0.0,0,0,0.634178,0.409249,0.396816,0.027382,pyannote,opensmile
119,01:59,1,1,0.0,0,1,0.729864,0.783214,1.886306,0.012171,pyannote,opensmile
120,02:00,1,1,0.0,0,1,0.754223,0.962609,0.0,0.0,pyannote,opensmile
121,02:01,0,0,0.0,0,0,0.904349,1.403126,0.0,0.0,pyannote,opensmile
122,02:02,0,0,0.0,0,0,0.886668,1.270579,0.028435,0.004575,pyannote,opensmile
123,02:03,0,0,0.0,0,0,0.770964,0.996983,0.0,0.0,pyannote,opensmile
124,02:04,0,0,0.0,0,0,0.807798,1.035932,0.014866,0.00435,pyannote,opensmile
125,02:05,0,0,0.0,0,0,0.872783,1.25588,0.015095,0.000798,pyannote,opensmile
126,02:06,0,0,0.0,0,0,0.934124,1.383793,2.553094,0.008044,pyannote,opensmile
127,02:07,0,0,0.0,0,0,0.849018,1.069506,0.434074,0.008092,pyannote,opensmile
128,02:08,0,0,0.0,0,0,0.760873,0.944724,5.904864,0.00254,pyannote,opensmile
129,02:09,0,0,0.0,0,0,0.7388,0.89449,1.815163,0.002877,pyannote,opensmile
130,02:10,1,1,0.0,1,1,0.40973,0.462685,1.2811,0.003943,pyannote,opensmile
131,02:11,1,1,0.0,0,1,0.518724,0.443027,1.567604,0.012717,pyannote,opensmile
132,02:12,1,1,0.0,0,1,0.451501,0.384731,0.948619,0.012904,pyannote,opensmile
133,02:13,1,1,0.0,0,1,0.309319,0.316272,1.131952,0.008614,pyannote,opensmile
134,02:14,1,1,0.0,0,1,0.290639,0.281988,0.95557,0.006654,pyannote,opensmile
135,02:15,1,1,0.0,0,1,0.600727,0.489036,1.169656,0.020509,pyannote,opensmile
136,02:16,1,1,0.0,0,1,0.324978,0.326487,1.781296,0.006999,pyannote,opensmile
137,02:17,1,1,0.0,0,1,0.311654,0.332327,1.536117,0.004035,pyannote,opensmile
138,02:18,0,0,0.0,0,0,0.326647,0.183454,2.591334,0.012304,pyannote,opensmile
139,02:19,1,1,0.0,0,1,0.467694,0.420093,1.536292,0.012874,pyannote,opensmile
140,02:20,1,1,0.0,0,1,0.53792,0.277913,0.013949,0.022502,pyannote,opensmile
