Event,Start (TR),End (TR),Duration (TRs),Duration (s),Start (mm:ss),End (mm:ss)
Event 0,0,26,30,30,00:00,00:26
Event 1,26,35,9,9,00:26,00:35
Event 2,35,67,32,32,00:35,01:07
Event 3,67,107,40,40,01:07,01:47
Event 4,107,132,25,25,01:47,02:12
Event 5,132,155,23,23,02:12,02:35
Event 6,155,175,20,20,02:35,02:55
Event 7,175,217,42,42,02:55,03:37
Event 8,217,225,8,8,03:37,03:45
Event 9,225,247,22,22,03:45,04:07
Event 10,247,269,22,22,04:07,04:29
Event 11,269,314,45,45,04:29,05:14
Event 12,314,355,41,41,05:14,05:55
Event 13,355,387,32,32,05:55,06:27
Event 14,387,425,38,38,06:27,07:05
Event 15,425,446,21,21,07:05,07:26
Event 16,446,481,35,35,07:26,08:01
Event 17,481,502,21,21,08:01,08:22
Event 18,502,524,22,22,08:22,08:44
Event 19,524,546,22,22,08:44,09:06
Event 20,546,571,25,25,09:06,09:31
Event 21,571,605,34,34,09:31,10:05
Event 22,605,651,46,46,10:05,10:51
Event 23,651,685,34,34,10:51,11:25
Event 24,685,701,16,16,11:25,11:41
Event 25,701,717,16,16,11:41,11:57
Event 26,717,747,30,30,11:57,12:27
Event 27,747,776,29,29,12:27,12:56
Event 28,776,794,18,18,12:56,13:14
Event 29,794,811,17,17,13:14,13:31
