window_id,time_period,start_s,end_s,people_count,people_count_max,people_count_p90,people_presence_ratio,person_area_mean,people_close_count,face_count,face_count_max,face_count_p90,face_presence_ratio,face_area_mean,interpersonal_distance_mean,mutual_gaze_score,facial_expression_intensity,gesture_intensity,happy,sad,angry,calm,fearful
Event 0,00:00-00:26,0.0,26.0,0.346154,4.0,2.0,0.144231,0.003208,0.163462,0.307692,6.0,1.0,0.125,0.000629,0.025842,0.025833,0.045639,0.005606,0.020239,0.020526,0.021766,0.912509,0.02496
Event 1,00:26-00:35,26.0,35.0,7.444444,12.0,10.0,1.0,0.05488,7.416667,2.75,5.0,4.5,0.972222,0.012856,0.248289,0.126032,0.429188,0.044478,0.251817,0.065734,0.23359,0.255973,0.192885
Event 2,00:35-01:07,35.0,67.0,6.726562,18.0,10.0,1.0,0.080911,6.859375,3.703125,10.0,7.0,0.953125,0.01243,0.287232,0.149783,0.362655,0.051308,0.201775,0.087987,0.222597,0.293438,0.194202
Event 3,01:07-01:47,67.0,107.0,2.03125,9.0,6.0,0.6125,0.097644,0.8125,0.63125,3.0,1.0,0.56875,0.022579,0.165765,0.08653,0.219878,0.019242,0.124466,0.052581,0.133759,0.575288,0.113905
Event 4,01:47-02:12,107.0,132.0,3.28,9.0,7.0,0.81,0.055024,1.71,1.36,7.0,4.0,0.64,0.011281,0.229926,0.097275,0.264601,0.02461,0.109578,0.088636,0.138909,0.524102,0.138775
Event 5,02:12-02:35,132.0,155.0,4.706522,9.0,7.0,0.98913,0.112569,4.413043,3.043478,6.0,5.0,0.98913,0.018305,0.207793,0.145849,0.292039,0.052906,0.20218,0.098868,0.214368,0.299931,0.184653
Event 6,02:35-02:55,155.0,175.0,3.2625,9.0,6.0,1.0,0.089925,2.325,2.875,17.0,8.1,0.7125,0.009802,0.196005,0.089952,0.180331,0.047959,0.096677,0.124613,0.111532,0.530932,0.136245
Event 7,02:55-03:37,175.0,217.0,3.815476,10.0,6.0,1.0,0.074781,3.059524,1.428571,6.0,3.0,0.630952,0.00556,0.281936,0.098381,0.362639,0.023206,0.146279,0.056958,0.167175,0.483519,0.14607
Event 8,03:37-03:45,217.0,225.0,5.15625,14.0,12.0,1.0,0.179439,8.34375,1.53125,4.0,3.9,0.625,0.006642,0.261488,0.094741,0.281169,0.040667,0.1591,0.042935,0.15504,0.519926,0.122999
Event 9,03:45-04:07,225.0,247.0,4.75,12.0,10.0,0.988636,0.158497,4.056818,1.897727,6.0,4.0,0.784091,0.017431,0.276098,0.154873,0.330983,0.053238,0.199273,0.046937,0.203217,0.396465,0.154109
Event 10,04:07-04:29,247.0,269.0,0.0,0.0,0.0,0.0,0.0,0.0,0.0,0.0,0.0,0.0,0.0,0.0,0.0,0.0,0.0,0.0,0.0,0.0,1.0,0.0
Event 11,04:29-05:14,269.0,314.0,3.044444,13.0,7.0,0.927778,0.145197,2.022222,0.75,4.0,2.0,0.372222,0.014356,0.201288,0.034822,0.020984,0.051525,0.007757,0.107499,0.021637,0.798163,0.064944
Event 12,05:14-05:55,314.0,355.0,4.390244,12.0,8.0,1.0,0.210357,2.414634,0.530488,2.0,2.0,0.420732,0.016427,0.374299,0.047777,0.103104,0.027289,0.088425,0.040879,0.086323,0.711522,0.072851
Event 13,05:55-06:27,355.0,387.0,5.007812,16.0,13.0,1.0,0.181505,4.679688,2.5,7.0,5.0,0.8125,0.011927,0.27611,0.084912,0.443274,0.01679,0.187468,0.070662,0.21786,0.338232,0.185778
Event 14,06:27-07:05,387.0,425.0,4.401316,19.0,13.0,1.0,0.245443,4.993421,2.098684,6.0,4.0,0.940789,0.037536,0.250319,0.092208,0.380083,0.016537,0.182034,0.107455,0.21538,0.294735,0.200395
Event 15,07:05-07:26,425.0,446.0,4.071429,8.0,7.0,1.0,0.221431,2.142857,1.202381,4.0,3.0,0.785714,0.036053,0.312136,0.143334,0.321432,0.019899,0.148992,0.08591,0.188191,0.40635,0.170556
Event 16,07:26-08:01,446.0,481.0,4.6,18.0,14.1,1.0,0.1419,4.65,2.342857,14.0,3.0,0.785714,0.007779,0.237185,0.135072,0.386969,0.022608,0.158418,0.079522,0.201231,0.378505,0.182324
Event 17,08:01-08:22,481.0,502.0,4.142857,11.0,8.0,1.0,0.145495,1.892857,2.333333,6.0,5.0,0.809524,0.013563,0.213744,0.07217,0.276213,0.034465,0.127112,0.100127,0.190475,0.405671,0.176615
Event 18,08:22-08:44,502.0,524.0,6.227273,17.0,15.0,1.0,0.088867,7.465909,2.772727,10.0,8.0,0.840909,0.009353,0.227406,0.113013,0.507354,0.021284,0.184,0.075762,0.239516,0.293926,0.206796
Event 19,08:44-09:06,524.0,546.0,0.704545,11.0,0.0,0.090909,0.005573,0.704545,0.25,5.0,0.0,0.068182,0.000509,0.023467,0.017113,0.021133,0.004687,0.01071,0.010293,0.012612,0.952743,0.013642
Event 20,09:06-09:31,546.0,571.0,2.06,3.0,3.0,1.0,0.193456,0.03,0.81,4.0,2.0,0.52,0.00881,0.235417,0.081488,0.218067,0.010721,0.143995,0.025214,0.128054,0.605949,0.096789
Event 21,09:31-10:05,571.0,605.0,2.558824,13.0,6.5,1.0,0.232391,2.007353,0.801471,3.0,2.0,0.580882,0.012382,0.107205,0.099018,0.207054,0.027654,0.114411,0.066391,0.124386,0.58011,0.114702
Event 22,10:05-10:51,605.0,651.0,2.695652,7.0,5.0,0.994565,0.234933,0.842391,1.375,5.0,3.0,0.831522,0.017968,0.186337,0.12815,0.350203,0.016012,0.225049,0.03998,0.216313,0.360294,0.158364
Event 23,10:51-11:25,651.0,685.0,1.382353,4.0,2.0,1.0,0.275216,0.080882,1.051471,4.0,2.0,0.735294,0.023999,0.092691,0.103776,0.206385,0.009522,0.173459,0.064378,0.14983,0.489069,0.123264
Event 24,11:25-11:41,685.0,701.0,4.8125,5.0,5.0,1.0,0.117626,0.984375,1.734375,6.0,4.7,0.90625,0.005385,0.332756,0.175902,0.374937,0.002289,0.178536,0.115393,0.179508,0.340221,0.186343
Event 25,11:41-11:57,701.0,717.0,2.40625,5.0,4.7,1.0,0.247869,0.140625,1.1875,4.0,4.0,0.625,0.011068,0.216848,0.092619,0.208386,0.019524,0.140201,0.054827,0.135032,0.553172,0.116768
Event 26,11:57-12:27,717.0,747.0,3.2,5.0,5.0,1.0,0.209214,0.641667,1.016667,4.0,2.0,0.775,0.011269,0.232501,0.133006,0.306685,0.010325,0.181542,0.062449,0.177129,0.425138,0.153742
Event 27,12:27-12:56,747.0,776.0,1.827586,5.0,3.0,1.0,0.3259,0.215517,0.568966,5.0,1.0,0.362069,0.010917,0.190637,0.049265,0.090991,0.012478,0.06508,0.045042,0.071397,0.751674,0.066807
Event 28,12:56-13:14,776.0,794.0,1.430556,4.0,3.0,1.0,0.366817,0.208333,0.638889,4.0,2.0,0.472222,0.016456,0.076882,0.071824,0.09974,0.012082,0.099306,0.050257,0.087225,0.687122,0.07609
Event 29,13:14-13:31,794.0,811.0,0.044118,1.0,0.0,0.044118,0.014935,0.0,0.014706,1.0,0.0,0.014706,7.4e-05,0.0,0.002206,0.001104,2.1e-05,0.000249,0.004019,0.00135,0.991572,0.00281
