window_type,window_id,time_period,text,token_count,unique_token_count,ttr,mattr_25,mean_word_length,std_word_length,mean_zipf_frequency,low_frequency_ratio,very_low_frequency_ratio,wordfreq_available,mean_sentence_length,clause_density,dep_tree_depth_mean,mean_surprisal,predictability_score,llm_model,lm_note,lm_error
event,Event 0,00:00-00:26,"Bookstore, cafe, almost everything else is here too.",8,8,1.0,1.0,5.25,2.680951,0.0,0.0,0.0,0,8.0,0.0,2.0,8.5,0.72,google/gemma-3-12b,The text is relatively predictable due to common phrases and a clear topic. The surprisal reflects some minor unexpectedness in the 'almost everything else' phrase.,
event,Event 1,00:26-00:35,"Projections of my subconscious. Remember, you are the dreamer. My mind populates it.",13,12,0.923077,0.923077,5.230769,3.533441,0.0,0.0,0.0,0,4.333333,0.0,1.083333,12.5,0.3,google/gemma-3-12b,"The text contains abstract and metaphorical language, which contributes to higher surprisal and lower predictability. The use of 'subconscious,' 'dreamer,' and 'mind' introduces ambiguity.",
event,Event 2,00:35-01:07,"You can literally talk to my subconscious. That's one of the ways we extract information from the subject. By creating something secure like a bank vault or a jail. The mind automatically fills it with information it's trying to protect. Then you break in and steal it. I guess I thought that the dream space would be all about the visual, but it's more about My question is, what happens when you start messing with the physics of it all? It feels that someone else is creating this world.",89,66,0.741573,0.909538,4.41573,2.475993,0.0,0.0,0.0,0,12.714286,0.428571,3.178571,12.5,0.25,google/gemma-3-12b,"The text contains abstract concepts and metaphorical language related to psychology and dream analysis, which contributes to higher surprisal. The narrative shifts in topic, further decreasing predictability.",
event,Event 3,01:07-01:47,It feels that someone else is creating this world.,9,9,1.0,1.0,4.555556,1.892154,0.0,0.0,0.0,0,9.0,1.0,2.25,12.5,0.2,google/gemma-3-12b,Moderate surprisal reflecting a somewhat philosophical and less common phrasing. Predictability score reflects the relatively low likelihood of this exact sequence.,
event,Event 4,01:47-02:12,It feels that someone else is creating this world.,9,9,1.0,1.0,4.555556,1.892154,0.0,0.0,0.0,0,9.0,1.0,2.25,12.5,0.2,google/gemma-3-12b,The sentence contains abstract concepts and a degree of subjectivity which contributes to higher surprisal. The predictability score reflects the relatively low ability to accurately predict the next word.,
event,Event 5,02:12-02:35,"It feels that someone else is creating this world. The more you change things, the quicker the projections start to converge on you. They sense the foreign nature of the dreamer. They attack like white blood cells fighting an infection. Like they're going to attack us?",46,37,0.804348,0.829091,4.73913,2.130878,0.0,0.0,0.0,0,9.2,0.2,2.3,12.5,0.25,google/gemma-3-12b,The text contains metaphorical language and abstract concepts which contribute to higher surprisal. The narrative style also adds to the uncertainty.,
event,Event 6,02:35-02:55,"I'm telling you, if you keep changing things like this... It's just to take it easy. Remember, I can't control it. Very impressive.",23,21,0.913043,0.913043,4.391304,2.240713,0.0,0.0,0.0,0,5.75,0.25,1.4375,8.5,0.72,google/gemma-3-12b,"The text contains conversational phrases and some degree of emotional expression, which contributes to moderate surprisal. The predictability score reflects a reasonable level of anticipation given the commonality of the",
event,Event 7,02:55-03:37,Very impressive.,2,2,1.0,1.0,7.0,3.0,0.0,0.0,0.0,0,2.0,0.0,0.5,2.5,0.8,google/gemma-3-12b,"The text is short and contains common positive sentiment words, indicating relatively high predictability.",
event,Event 8,03:37-03:45,Very impressive.,2,2,1.0,1.0,7.0,3.0,0.0,0.0,0.0,0,2.0,0.0,0.5,2.5,0.8,google/gemma-3-12b,"The text is short and contains common positive sentiment words, indicating relatively high predictability.",
event,Event 9,03:45-04:07,"Very impressive. I know this bridge. This place is real, isn't it? Yeah, I cross it every day to get to the college. Never recreate places...",26,22,0.846154,0.84,4.115385,2.099944,0.0,0.0,0.0,0,5.2,0.0,1.3,8.5,0.72,google/gemma-3-12b,"The text is relatively straightforward and conversational, exhibiting a moderate level of predictability. The references to a familiar bridge and daily routine contribute to the lower surprisal.",
event,Event 10,04:07-04:29,,0,0,0.0,0.0,0.0,0.0,0.0,0.0,0.0,0,0.0,0.0,0.0,0.0,0.0,google/gemma-3-12b,NO_TEXT,
event,Event 11,04:29-05:14,"Is there anywhere to make this a fair fight? Jump out and swim? You have to jump out and drown? Well, you could row forward and I could row backward. But genetically identical. Science says we'd stay in one place. Just row the damn boat. You guys hear about this?",50,39,0.78,0.816923,4.1,1.889444,0.0,0.0,0.0,0,6.25,0.0,1.5625,12.5,0.2,google/gemma-3-12b,"The text contains a mix of rhetorical questions and somewhat unusual scenarios, contributing to higher surprisal. The conversational tone also adds some unpredictability.",
event,Event 12,05:14-05:55,"Two nights ago, a sophomore choked the network from the laptop in Kirkland. At 4 a.m. He set up a website where he wrote in the hotness of female undergrads. What were we doing that none of us heard about this? Three hour low rate technical row before breakfast. Full course load, studying. Another three hours in the tank and then studying. How much activity was there on this thing? 22,000 page requests. Cam, this guy hacked the Facebook of seven houses. He set up the whole website one night and he did it while he was drunk.",97,73,0.752577,0.913973,4.226804,2.088284,0.0,0.0,0.0,0,8.083333,0.25,2.020833,12.5,0.35,google/gemma-3-12b,"The text contains a mix of common phrases and specific details related to hacking, which contributes to moderate surprisal. The narrative structure also adds some unpredictability.",
event,Event 13,05:55-06:27,"Cameron Winklevoss. W-I-N-K-L-E-V-O-S-S. Cameron spelled the usual way. Tyler spelled the usual way. And my last name is the same as my brother's. Mr. Zuckerberg, this is an administrative board hearing. You're being accused of intentionally breaching security, violating copyrights, violating individual privacy by creating the website www.facemash.com. You're also charged with being in violation of university policy on distribution of digitized images.",74,59,0.797297,0.8704,5.013514,3.290006,0.0,0.0,0.0,0,6.727273,0.0,1.681818,12.5,0.3,google/gemma-3-12b,"The text contains a mix of common names and phrases alongside specific legal accusations, leading to moderate uncertainty. The spelling out of the name adds a degree of unexpectedness.",
event,Event 14,06:27-07:05,"Before we begin with our questioning, you're allowed to make a statement. I've already apologized in the crimson to the A-B-H-W, to Forza Latina, and to any women at Harvard who may have been insulted as they take it that they were. As for any charges stemming from the breach of security, I believe I deserve some recognition from this board. I don't understand. You deserve recognition. I believe I pointed out some pretty gaping holes in your system.",82,63,0.768293,0.831724,4.414634,2.594324,0.0,0.0,0.0,0,13.666667,0.5,3.416667,12.5,0.35,google/gemma-3-12b,"The text contains complex sentence structures and legalistic language, contributing to higher surprisal. The shifts in topic and tone also reduce predictability.",
event,Event 15,07:05-07:26,"Mr. Zuckerberg, I'm in charge of security for all computers on the Harvard network, and I can assure you of its sophistication. In fact, if it's that level of sophistication, it led us to you in less than four hours. That would be impressive, except if you had known what you were looking for, you would have seen it written on my dorm room window.",65,50,0.769231,0.875122,4.215385,2.657311,0.0,0.0,0.0,0,16.25,1.0,4.0625,12.5,0.7,google/gemma-3-12b,"The text contains a mix of common phrases and more specific references (Harvard network, dorm room window), leading to moderate surprisal. The narrative structure also contributes to a reasonable level of predictability.",
event,Event 16,07:26-08:01,"So, six months' academic probation. Well, I have to make an example out of you. I shouldn't have written that thing about the farm animals. I was kidding, for God's sakes. Doesn't anybody have a sense of humor? You know, how do you do this thing where you manage to get all girls to hate us? Why do I let you hate them? Why don't? I said I know. Okay, let's look at a sample problem. Suppose we're given a computer with a 16-bit virtual address",86,63,0.732558,0.849032,3.965116,2.037142,0.0,0.0,0.0,0,7.818182,0.090909,1.954545,12.5,0.35,google/gemma-3-12b,"The text contains a mix of conversational and technical language, with shifts in topic. The initial portion is highly unpredictable due to the informal tone and abrupt changes in subject matter, while the latter part int",
event,Event 17,08:01-08:22,"and a page size of 256 bytes. The system uses one-level page tables that start at address hex 400. Maybe you want DMA on your 16-bit system. The first two pages are reserved for hardware flags, et cetera. Assumed page table entries have eight status bits. The eight status bits would then be...",52,44,0.846154,0.948571,4.288462,1.585227,0.0,0.0,0.0,0,8.666667,0.166667,2.166667,12.5,0.7,google/gemma-3-12b,"The text discusses technical details of a computer system, which contributes to moderate surprisal. The predictability score reflects the relatively structured and technical nature of the language.",
event,Event 18,08:22-08:44,"And I see we have our first surrender. Don't worry, Mr. Zuckerberg. Brighter men than you have tried and failed this class. One valid bit, one modified bit, one reference bit, five permission bits. That is correct. Does everybody see how he got there?",44,37,0.840909,0.856,4.477273,2.281234,0.0,0.0,0.0,0,6.285714,0.142857,1.571429,12.5,0.2,google/gemma-3-12b,"The text contains a mix of conversational and technical language, which contributes to moderate uncertainty. The shift from casual dialogue to computer science terminology increases surprisal.",
event,Event 19,08:44-09:06,,0,0,0.0,0.0,0.0,0.0,0.0,0.0,0.0,0,0.0,0.0,0.0,0.0,0.0,google/gemma-3-12b,NO_TEXT,
event,Event 20,09:06-09:31,"Gentlemen, welcome to Las Vegas. Is everybody eating? All right, before we get started, nobody's on the line here yet. What I'm about to propose to you is both highly lucrative and highly dangerous. That doesn't seem like your particular brand of vodka. Help yourself to as much food as you like and have a safe journey, no hard feelings.",60,51,0.85,0.91,4.483333,2.247159,0.0,0.0,0.0,0,10.0,0.333333,2.5,8.5,0.72,google/gemma-3-12b,"The text is relatively predictable due to its conversational style and common phrases. The introduction of 'highly lucrative and highly dangerous' adds some uncertainty, but the overall flow remains coherent.",
event,Event 21,09:31-10:05,"You're Bobby Caldwell's kid, huh? It's nice there. Do you like it? Get in the goddamn house.",17,17,1.0,1.0,4.176471,2.006908,0.0,0.0,0.0,0,4.25,0.0,1.0625,12.5,0.2,google/gemma-3-12b,"The text contains abrupt shifts in tone and informal language, contributing to higher surprisal and lower predictability.",
event,Event 22,10:05-10:51,"Gentlemen, the 3,000 block of Las Vegas Boulevard, otherwise known as the Bellagio, the Mirage and the MGM Grand. Together, they're three of the most profitable casinos in Las Vegas. This is the vault at the Bellagio. It's located below the strip, beneath 200 feet of solid earth. It safeguards every dime that passes through each of the three casinos above it. Mash and grab job, huh? Slightly more complicated than that. Oh, yeah. This is courtesy of Frank Catten, new Blackjack dealer at the Bellagio. Okay, bad news first. This place houses a security system that rivals most nuclear missile silos.",100,72,0.72,0.912632,4.73,2.194789,0.0,0.0,0.0,0,9.090909,0.272727,2.272727,12.5,0.7,google/gemma-3-12b,"The text is relatively predictable due to its narrative structure and common themes (casinos, security). However, the specific details and dialogue introduce some uncertainty.",
event,Event 23,10:51-11:25,"First, we have to get within the casino cages, which anybody will tell you takes more than a smile. Next, through these doors, each of which requires a different six-digit code changed every 12 hours. Past those lies the elevator. The elevator won't move without authorized fingerprint identification. And vocal confirmation from both the security system within the Bellagio and the vault below. Furthermore, the elevator shaft is rigged with motion detectors. Meaning if we were to manually override the lift,",81,66,0.814815,0.889123,5.123457,2.530714,0.0,0.0,0.0,0,11.571429,0.428571,2.892857,12.5,0.25,google/gemma-3-12b,"The text describes a complex security system, leading to higher surprisal values as the narrative progresses. The predictability score reflects the relatively low predictability due to the unexpected security measures.",
event,Event 24,11:25-11:41,"the shaft's exit would lock down automatically and we'd be trapped. Now, once we get down the shaft, though, then it's a piece of cake. Just two more guards with oozes and the most elaborate vault door ever conceived by man.",41,37,0.902439,0.96,4.341463,2.159604,0.0,0.0,0.0,0,13.666667,0.333333,3.416667,12.5,0.3,google/gemma-3-12b,"The text contains a mix of predictable and unpredictable elements. The initial part about locking down is somewhat common in action/thriller narratives, while the later descriptions (oozes, elaborate vault door) introduc",
event,Event 25,11:41-11:57,"No, tunneling is out. Their sensors monitoring the ground 100 yards in every direction. If a groundhog were to nest there, You said something about good news? The Nevada Gaming Commission",30,29,0.966667,0.973333,4.966667,2.601068,0.0,0.0,0.0,0,7.5,0.25,1.875,12.5,0.25,google/gemma-3-12b,"The text contains a mix of technical jargon (tunneling, sensors) and conversational elements (You said something about good news?). This contributes to moderate uncertainty.",
event,Event 26,11:57-12:27,"stipulates that a casino must hold and reserve enough cash to cover every chip at play on its floor. That means on a weekday, by law, it has to carry anywhere between 60 and 70 million dollars in cash and coin on the weekend between 80 and 90 million. like the one two weeks from tonight, the night that we're going to rob it, 150 million without breaking a sweat. There are 11 of us, each with an equal share.",74,56,0.756757,0.88,4.175676,1.954607,0.0,0.0,0.0,0,18.5,0.75,4.625,12.5,0.2,google/gemma-3-12b,"The text starts with relatively predictable legal language but shifts dramatically to a fictional robbery scenario, significantly increasing surprisal and decreasing predictability.",
event,Event 27,12:27-12:56,"Say we get into the cage and through the security doors there and down the elevator we can't move and pass the guards with the guns and into the vault we can't open. Without being seen by the cameras. I forgot to mention that. Yeah, well, say we do all that. We're just supposed to walk out of there with 150 million dollars in cash on us without getting stopped?",69,49,0.710145,0.832,4.115942,1.77369,0.0,0.0,0.0,0,13.8,0.4,3.45,12.5,0.3,google/gemma-3-12b,"The text contains a narrative with unexpected events and conditional statements, contributing to higher surprisal and lower predictability. The conversational tone also adds some uncertainty.",
event,Event 28,12:56-13:14,,0,0,0.0,0.0,0.0,0.0,0.0,0.0,0.0,0,0.0,0.0,0.0,0.0,0.0,google/gemma-3-12b,NO_TEXT,
event,Event 29,13:14-13:31,,0,0,0.0,0.0,0.0,0.0,0.0,0.0,0.0,0,0.0,0.0,0.0,0.0,0.0,google/gemma-3-12b,NO_TEXT,
