second,time_period,text,token_count,unique_token_count,ttr,mattr_25,mean_word_length,std_word_length,mean_zipf_frequency,low_frequency_ratio,very_low_frequency_ratio,wordfreq_available,mean_sentence_length,clause_density,dep_tree_depth_mean,mean_surprisal,predictability_score,llm_model,lm_note,lm_error
0,00:00-00:01,"Ladies and gentlemen,",3,3,1.0,1.0,6.0,2.44949,5.393333,0.0,0.0,1,3.0,0.0,1.666667,1.2,0.98,google/gemma-4-12b,"The phrase is a highly common formal opening, making it extremely predictable.",
1,00:01-00:02,we are down to the,5,5,1.0,1.0,2.8,0.748331,6.864,0.0,0.0,1,5.0,0.0,2.4,14.5,0.35,google/gemma-4-12b,"The text ends on a preposition ('to'), creating high uncertainty as it could be followed by any noun or gerund.",
2,00:02-00:03,final two,2,2,1.0,1.0,4.0,1.0,5.69,0.0,0.0,1,2.0,0.0,1.5,1.2,0.95,google/gemma-4-12b,The phrase 'final two' is a common collocation with high grammatical and semantic predictability.,
3,00:03-00:04,championship,1,1,1.0,1.0,12.0,0.0,4.54,0.0,0.0,1,1.0,0.0,1.0,1.2,0.98,google/gemma-4-12b,The word is a common noun with high frequency in sports and competition contexts.,
4,00:04-00:05,words.,1,1,1.0,1.0,5.0,0.0,5.25,0.0,0.0,1,1.0,0.0,1.0,1.2,0.98,google/gemma-4-12b,"The text is a common, high-frequency word with very low linguistic uncertainty.",
5,00:05-00:06,One or both of,4,4,1.0,1.0,2.75,0.829156,6.55,0.0,0.0,1,4.0,0.0,1.75,1.2,0.95,google/gemma-4-12b,The phrase is a common grammatical fragment with high structural predictability.,
6,00:06-00:07,our spellers will,3,3,1.0,1.0,5.0,2.160247,4.85,0.333333,0.333333,1,3.0,0.0,2.0,1.2,0.95,google/gemma-4-12b,The phrase is grammatically standard and common in instructional or technical contexts.,
7,00:07-00:08,walk away with the first,5,5,1.0,1.0,4.0,0.632456,6.278,0.0,0.0,1,5.0,0.0,2.4,1.8,0.92,google/gemma-4-12b,The phrase is a common idiomatic fragment; 'first' is highly predictable in this context.,
8,00:08-00:09,place trophy.,2,2,1.0,1.0,5.5,0.5,4.94,0.0,0.0,1,2.0,0.0,1.5,1.2,0.95,google/gemma-4-12b,The phrase is a simple imperative with high lexical and syntactic predictability.,
9,00:09-00:10,,0,0,0.0,0.0,0.0,0.0,0.0,0.0,0.0,1,0.0,0.0,0.0,0.0,0.0,google/gemma-4-12b,NO_TEXT,
10,00:10-00:11,"Dylan, you're",2,2,1.0,1.0,5.5,0.5,4.96,0.0,0.0,1,2.0,0.0,2.0,1.5,0.95,google/gemma-4-12b,"The text ends on a contraction ('you're'), which is highly predictable in conversational contexts, though the sentence is incomplete.",
11,00:11-00:12,up.,1,1,1.0,1.0,2.0,0.0,6.39,0.0,0.0,1,1.0,0.0,1.0,1.2,0.98,google/gemma-4-12b,The word 'up' is a common preposition/adverb with high frequency and clear grammatical function.,
12,00:12-00:13,,0,0,0.0,0.0,0.0,0.0,0.0,0.0,0.0,1,0.0,0.0,0.0,0.0,0.0,google/gemma-4-12b,NO_TEXT,
13,00:13-00:14,,0,0,0.0,0.0,0.0,0.0,0.0,0.0,0.0,1,0.0,0.0,0.0,0.0,0.0,google/gemma-4-12b,NO_TEXT,
14,00:14-00:15,,0,0,0.0,0.0,0.0,0.0,0.0,0.0,0.0,1,0.0,0.0,0.0,0.0,0.0,google/gemma-4-12b,NO_TEXT,
15,00:15-00:16,,0,0,0.0,0.0,0.0,0.0,0.0,0.0,0.0,1,0.0,0.0,0.0,0.0,0.0,google/gemma-4-12b,NO_TEXT,
16,00:16-00:17,,0,0,0.0,0.0,0.0,0.0,0.0,0.0,0.0,1,0.0,0.0,0.0,0.0,0.0,google/gemma-4-12b,NO_TEXT,
17,00:17-00:18,,0,0,0.0,0.0,0.0,0.0,0.0,0.0,0.0,1,0.0,0.0,0.0,0.0,0.0,google/gemma-4-12b,NO_TEXT,
18,00:18-00:19,,0,0,0.0,0.0,0.0,0.0,0.0,0.0,0.0,1,0.0,0.0,0.0,0.0,0.0,google/gemma-4-12b,NO_TEXT,
19,00:19-00:20,Lageria.,1,1,1.0,1.0,7.0,0.0,0.0,1.0,1.0,1,1.0,0.0,1.0,4.8,0.85,google/gemma-4-12b,"The word is a specific proper noun (likely referring to the paleontologist or the genus of fish), which carries moderate surprisal compared to common vocabulary but high predictability as a standalone entity.",
20,00:20-00:21,May I have the,4,4,1.0,1.0,2.75,1.089725,6.8775,0.0,0.0,1,4.0,0.0,1.75,1.2,0.98,google/gemma-4-12b,The phrase is a common polite opening; the sentence is incomplete but highly predictable in its likely completion.,
21,00:21-00:22,"definition, please?",2,2,1.0,1.0,8.0,2.0,5.12,0.0,0.0,1,2.0,0.0,1.5,1.5,0.95,google/gemma-4-12b,"The text is a common, standard request for information; the vocabulary is basic and the structure is highly predictable.",
22,00:22-00:23,,0,0,0.0,0.0,0.0,0.0,0.0,0.0,0.0,1,0.0,0.0,0.0,0.0,0.0,google/gemma-4-12b,NO_TEXT,
23,00:23-00:24,Lageria is,2,2,1.0,1.0,4.5,2.5,3.535,0.5,0.5,1,2.0,0.0,1.5,14.5,0.35,google/gemma-4-12b,"The text ends abruptly after a proper noun and a verb, creating high uncertainty regarding the missing complement or predicate.",
24,00:24-00:25,excessive and,2,2,1.0,1.0,6.0,3.0,5.765,0.0,0.0,1,2.0,0.0,1.5,1.2,0.95,google/gemma-4-12b,"The phrase 'excessive and' is a common grammatical construction where the conjunction 'and' follows an adjective, leading to high predictability.",
25,00:25-00:26,often incoherent,2,2,1.0,1.0,7.5,2.5,4.25,0.0,0.0,1,2.0,0.0,1.5,1.2,0.95,google/gemma-4-12b,The phrase is common and grammatically standard; low uncertainty.,
26,00:26-00:27,talkativeness.,1,1,1.0,1.0,13.0,0.0,1.24,1.0,1.0,1,1.0,0.0,1.0,1.8,0.95,google/gemma-4-12b,The word is a standard English noun derived from 'talkative'; it follows common morphological patterns and has high predictability.,
27,00:27-00:28,,0,0,0.0,0.0,0.0,0.0,0.0,0.0,0.0,1,0.0,0.0,0.0,0.0,0.0,google/gemma-4-12b,NO_TEXT,
28,00:28-00:29,,0,0,0.0,0.0,0.0,0.0,0.0,0.0,0.0,1,0.0,0.0,0.0,0.0,0.0,google/gemma-4-12b,NO_TEXT,
29,00:29-00:30,,0,0,0.0,0.0,0.0,0.0,0.0,0.0,0.0,1,0.0,0.0,0.0,0.0,0.0,google/gemma-4-12b,NO_TEXT,
30,00:30-00:31,,0,0,0.0,0.0,0.0,0.0,0.0,0.0,0.0,1,0.0,0.0,0.0,0.0,0.0,google/gemma-4-12b,NO_TEXT,
31,00:31-00:32,,0,0,0.0,0.0,0.0,0.0,0.0,0.0,0.0,1,0.0,0.0,0.0,0.0,0.0,google/gemma-4-12b,NO_TEXT,
32,00:32-00:33,,0,0,0.0,0.0,0.0,0.0,0.0,0.0,0.0,1,0.0,0.0,0.0,0.0,0.0,google/gemma-4-12b,NO_TEXT,
33,00:33-00:34,,0,0,0.0,0.0,0.0,0.0,0.0,0.0,0.0,1,0.0,0.0,0.0,0.0,0.0,google/gemma-4-12b,NO_TEXT,
34,00:34-00:35,Lageria.,1,1,1.0,1.0,7.0,0.0,0.0,1.0,1.0,1,1.0,0.0,1.0,4.8,0.85,google/gemma-4-12b,"The word is a specific proper noun (likely referring to the paleontologist or the genus of fish), which carries moderate surprisal compared to common vocabulary but high predictability as a standalone entity.",
35,00:35-00:36,,0,0,0.0,0.0,0.0,0.0,0.0,0.0,0.0,1,0.0,0.0,0.0,0.0,0.0,google/gemma-4-12b,NO_TEXT,
36,00:36-00:37,,0,0,0.0,0.0,0.0,0.0,0.0,0.0,0.0,1,0.0,0.0,0.0,0.0,0.0,google/gemma-4-12b,NO_TEXT,
37,00:37-00:38,,0,0,0.0,0.0,0.0,0.0,0.0,0.0,0.0,1,0.0,0.0,0.0,0.0,0.0,google/gemma-4-12b,NO_TEXT,
38,00:38-00:39,,0,0,0.0,0.0,0.0,0.0,0.0,0.0,0.0,1,0.0,0.0,0.0,0.0,0.0,google/gemma-4-12b,NO_TEXT,
39,00:39-00:40,,0,0,0.0,0.0,0.0,0.0,0.0,0.0,0.0,1,0.0,0.0,0.0,0.0,0.0,google/gemma-4-12b,NO_TEXT,
40,00:40-00:41,,0,0,0.0,0.0,0.0,0.0,0.0,0.0,0.0,1,0.0,0.0,0.0,0.0,0.0,google/gemma-4-12b,NO_TEXT,
41,00:41-00:42,O.,1,1,1.0,1.0,1.0,0.0,5.12,0.0,0.0,1,0.0,0.0,0.0,18.5,0.15,google/gemma-4-12b,"The text consists of a single character/symbol with no context, making the next expected token highly unpredictable.",
42,00:42-00:43,G.,1,1,1.0,1.0,1.0,0.0,5.0,0.0,0.0,1,0.0,0.0,0.0,18.5,0.15,google/gemma-4-12b,"The text consists of a single character followed by a period, providing insufficient context for linguistic prediction.",
43,00:43-00:44,,0,0,0.0,0.0,0.0,0.0,0.0,0.0,0.0,1,0.0,0.0,0.0,0.0,0.0,google/gemma-4-12b,NO_TEXT,
44,00:44-00:45,O.,1,1,1.0,1.0,1.0,0.0,5.12,0.0,0.0,1,0.0,0.0,0.0,18.5,0.15,google/gemma-4-12b,"The text consists of a single character/symbol with no context, making the next expected token highly unpredictable.",
45,00:45-00:46,,0,0,0.0,0.0,0.0,0.0,0.0,0.0,0.0,1,0.0,0.0,0.0,0.0,0.0,google/gemma-4-12b,NO_TEXT,
46,00:46-00:47,,0,0,0.0,0.0,0.0,0.0,0.0,0.0,0.0,1,0.0,0.0,0.0,0.0,0.0,google/gemma-4-12b,NO_TEXT,
47,00:47-00:48,R. R.,2,1,0.5,0.5,1.0,0.0,5.35,0.0,0.0,1,0.0,0.0,0.0,18.5,0.15,google/gemma-4-12b,"The text consists of initials with no context, making the intended meaning highly ambiguous and unpredictable.",
48,00:48-00:49,,0,0,0.0,0.0,0.0,0.0,0.0,0.0,0.0,1,0.0,0.0,0.0,0.0,0.0,google/gemma-4-12b,NO_TEXT,
49,00:49-00:50,R.,1,1,1.0,1.0,1.0,0.0,5.35,0.0,0.0,1,0.0,0.0,0.0,18.5,0.15,google/gemma-4-12b,"The single character 'R.' is highly ambiguous as it could be an initial, a grade, or the start of a word, leading to high uncertainty.",
50,00:50-00:51,H.,1,1,1.0,1.0,1.0,0.0,5.06,0.0,0.0,1,0.0,0.0,0.0,18.5,0.15,google/gemma-4-12b,"The text consists of a single character followed by a period, providing insufficient context for linguistic prediction.",
51,00:51-00:52,E.,1,1,1.0,1.0,1.0,0.0,5.28,0.0,0.0,1,0.0,0.0,0.0,18.5,0.15,google/gemma-4-12b,"The text consists of a single character, providing insufficient context for linguistic patterns or syntactic structure.",
52,00:52-00:53,,0,0,0.0,0.0,0.0,0.0,0.0,0.0,0.0,1,0.0,0.0,0.0,0.0,0.0,google/gemma-4-12b,NO_TEXT,
53,00:53-00:54,A.,1,1,1.0,1.0,1.0,0.0,7.36,0.0,0.0,1,0.0,0.0,0.0,0.5,0.95,google/gemma-4-12b,"The text is a single character, making it highly predictable in most contexts.",
54,00:54-00:55,Lageria.,1,1,1.0,1.0,7.0,0.0,0.0,1.0,1.0,1,1.0,0.0,1.0,4.8,0.85,google/gemma-4-12b,"The word is a specific proper noun (likely referring to the paleontologist or the genus of fish), which carries moderate surprisal compared to common vocabulary but high predictability as a standalone entity.",
55,00:55-00:56,,0,0,0.0,0.0,0.0,0.0,0.0,0.0,0.0,1,0.0,0.0,0.0,0.0,0.0,google/gemma-4-12b,NO_TEXT,
56,00:56-00:57,"Congratulations,",1,1,1.0,1.0,15.0,0.0,4.4,0.0,0.0,1,1.0,0.0,1.0,1.2,0.98,google/gemma-4-12b,The word 'Congratulations' is a common standalone exclamation with high grammatical and contextual predictability.,
57,00:57-00:58,Dylan.,1,1,1.0,1.0,5.0,0.0,4.05,0.0,0.0,1,1.0,0.0,1.0,1.5,0.95,google/gemma-4-12b,The text is a single proper noun with high clarity and low ambiguity.,
58,00:58-00:59,You've won the Sprint,4,4,1.0,1.0,4.5,1.5,5.505,0.0,0.0,1,4.0,0.0,2.0,1.8,0.92,google/gemma-4-12b,"The phrase is grammatically standard and common in promotional contexts, though 'Sprint' as a proper noun adds slight ambiguity.",
59,00:59-01:00,National,1,1,1.0,1.0,8.0,0.0,5.51,0.0,0.0,1,1.0,0.0,1.0,1.2,0.98,google/gemma-4-12b,The word 'National' is a common high-frequency term with very low ambiguity in isolation.,
60,01:00-01:01,Spelling Cup.,2,2,1.0,1.0,5.5,2.5,4.555,0.0,0.0,1,2.0,0.0,1.5,1.2,0.95,google/gemma-4-12b,The phrase is a common proper noun/title with high lexical and syntactic predictability.,
61,01:01-01:02,,0,0,0.0,0.0,0.0,0.0,0.0,0.0,0.0,1,0.0,0.0,0.0,0.0,0.0,google/gemma-4-12b,NO_TEXT,
62,01:02-01:03,,0,0,0.0,0.0,0.0,0.0,0.0,0.0,0.0,1,0.0,0.0,0.0,0.0,0.0,google/gemma-4-12b,NO_TEXT,
63,01:03-01:04,,0,0,0.0,0.0,0.0,0.0,0.0,0.0,0.0,1,0.0,0.0,0.0,0.0,0.0,google/gemma-4-12b,NO_TEXT,
64,01:04-01:05,,0,0,0.0,0.0,0.0,0.0,0.0,0.0,0.0,1,0.0,0.0,0.0,0.0,0.0,google/gemma-4-12b,NO_TEXT,
65,01:05-01:06,,0,0,0.0,0.0,0.0,0.0,0.0,0.0,0.0,1,0.0,0.0,0.0,0.0,0.0,google/gemma-4-12b,NO_TEXT,
66,01:06-01:07,,0,0,0.0,0.0,0.0,0.0,0.0,0.0,0.0,1,0.0,0.0,0.0,0.0,0.0,google/gemma-4-12b,NO_TEXT,
67,01:07-01:08,,0,0,0.0,0.0,0.0,0.0,0.0,0.0,0.0,1,0.0,0.0,0.0,0.0,0.0,google/gemma-4-12b,NO_TEXT,
68,01:08-01:09,,0,0,0.0,0.0,0.0,0.0,0.0,0.0,0.0,1,0.0,0.0,0.0,0.0,0.0,google/gemma-4-12b,NO_TEXT,
69,01:09-01:10,Go get them.,3,3,1.0,1.0,3.0,0.816497,6.166667,0.0,0.0,1,3.0,1.0,2.0,1.2,0.95,google/gemma-4-12b,The phrase is a common imperative with high grammatical and lexical predictability.,
70,01:10-01:11,,0,0,0.0,0.0,0.0,0.0,0.0,0.0,0.0,1,0.0,0.0,0.0,0.0,0.0,google/gemma-4-12b,NO_TEXT,
71,01:11-01:12,,0,0,0.0,0.0,0.0,0.0,0.0,0.0,0.0,1,0.0,0.0,0.0,0.0,0.0,google/gemma-4-12b,NO_TEXT,
72,01:12-01:13,,0,0,0.0,0.0,0.0,0.0,0.0,0.0,0.0,1,0.0,0.0,0.0,0.0,0.0,google/gemma-4-12b,NO_TEXT,
73,01:13-01:14,,0,0,0.0,0.0,0.0,0.0,0.0,0.0,0.0,1,0.0,0.0,0.0,0.0,0.0,google/gemma-4-12b,NO_TEXT,
74,01:14-01:15,,0,0,0.0,0.0,0.0,0.0,0.0,0.0,0.0,1,0.0,0.0,0.0,0.0,0.0,google/gemma-4-12b,NO_TEXT,
75,01:15-01:16,,0,0,0.0,0.0,0.0,0.0,0.0,0.0,0.0,1,0.0,0.0,0.0,0.0,0.0,google/gemma-4-12b,NO_TEXT,
76,01:16-01:17,"Ladies and gentlemen,",3,3,1.0,1.0,6.0,2.44949,5.393333,0.0,0.0,1,3.0,0.0,1.666667,1.2,0.98,google/gemma-4-12b,"The phrase is a highly common formal opening, making it extremely predictable.",
77,01:17-01:18,please be seated,3,3,1.0,1.0,4.666667,1.885618,5.446667,0.0,0.0,1,3.0,0.0,1.666667,1.2,0.98,google/gemma-4-12b,The phrase is a standard formal instruction with high grammatical and contextual predictability.,
78,01:18-01:19,for Akila's,2,2,1.0,1.0,5.0,2.0,3.505,0.5,0.5,1,2.0,0.0,1.5,1.2,0.95,google/gemma-4-12b,The phrase is a standard possessive construction with a common proper noun; high predictability.,
79,01:19-01:20,turn.,1,1,1.0,1.0,4.0,0.0,5.32,0.0,0.0,1,1.0,0.0,1.0,1.5,0.95,google/gemma-4-12b,"The word 'turn' is a common high-frequency verb/noun with clear grammatical roles, leading to low uncertainty.",
80,01:20-01:21,,0,0,0.0,0.0,0.0,0.0,0.0,0.0,0.0,1,0.0,0.0,0.0,0.0,0.0,google/gemma-4-12b,NO_TEXT,
81,01:21-01:22,,0,0,0.0,0.0,0.0,0.0,0.0,0.0,0.0,1,0.0,0.0,0.0,0.0,0.0,google/gemma-4-12b,NO_TEXT,
82,01:22-01:23,,0,0,0.0,0.0,0.0,0.0,0.0,0.0,0.0,1,0.0,0.0,0.0,0.0,0.0,google/gemma-4-12b,NO_TEXT,
83,01:23-01:24,,0,0,0.0,0.0,0.0,0.0,0.0,0.0,0.0,1,0.0,0.0,0.0,0.0,0.0,google/gemma-4-12b,NO_TEXT,
84,01:24-01:25,,0,0,0.0,0.0,0.0,0.0,0.0,0.0,0.0,1,0.0,0.0,0.0,0.0,0.0,google/gemma-4-12b,NO_TEXT,
85,01:25-01:26,,0,0,0.0,0.0,0.0,0.0,0.0,0.0,0.0,1,0.0,0.0,0.0,0.0,0.0,google/gemma-4-12b,NO_TEXT,
86,01:26-01:27,Hulker tood.,2,2,1.0,1.0,5.0,1.0,0.595,1.0,1.0,1,2.0,0.0,1.5,18.5,0.15,google/gemma-4-12b,"The word 'Hulker' is a non-standard noun and 'tood' is not a recognized English verb, resulting in high linguistic uncertainty.",
87,01:27-01:28,,0,0,0.0,0.0,0.0,0.0,0.0,0.0,0.0,1,0.0,0.0,0.0,0.0,0.0,google/gemma-4-12b,NO_TEXT,
88,01:28-01:29,Hulker,1,1,1.0,1.0,6.0,0.0,0.0,1.0,1.0,1,1.0,0.0,1.0,18.5,0.15,google/gemma-4-12b,"The word 'Hulker' is a non-standard term or a specific proper noun/neologism, leading to high uncertainty.",
89,01:29-01:30,tood.,1,1,1.0,1.0,4.0,0.0,1.19,1.0,1.0,1,1.0,0.0,1.0,18.5,0.15,google/gemma-4-12b,"The text is a fragment of a word (likely 'good' or 'food'), resulting in high uncertainty and low predictability.",
90,01:30-01:31,,0,0,0.0,0.0,0.0,0.0,0.0,0.0,0.0,1,0.0,0.0,0.0,0.0,0.0,google/gemma-4-12b,NO_TEXT,
91,01:31-01:32,,0,0,0.0,0.0,0.0,0.0,0.0,0.0,0.0,1,0.0,0.0,0.0,0.0,0.0,google/gemma-4-12b,NO_TEXT,
92,01:32-01:33,,0,0,0.0,0.0,0.0,0.0,0.0,0.0,0.0,1,0.0,0.0,0.0,0.0,0.0,google/gemma-4-12b,NO_TEXT,
93,01:33-01:34,,0,0,0.0,0.0,0.0,0.0,0.0,0.0,0.0,1,0.0,0.0,0.0,0.0,0.0,google/gemma-4-12b,NO_TEXT,
94,01:34-01:35,,0,0,0.0,0.0,0.0,0.0,0.0,0.0,0.0,1,0.0,0.0,0.0,0.0,0.0,google/gemma-4-12b,NO_TEXT,
95,01:35-01:36,,0,0,0.0,0.0,0.0,0.0,0.0,0.0,0.0,1,0.0,0.0,0.0,0.0,0.0,google/gemma-4-12b,NO_TEXT,
96,01:36-01:37,It's derived from,3,3,1.0,1.0,5.0,1.414214,5.75,0.0,0.0,1,3.0,0.0,1.666667,1.2,0.95,google/gemma-4-12b,The phrase is a common grammatical construction with high predictability.,
97,01:37-01:38,the Latin word,3,3,1.0,1.0,4.0,0.816497,5.823333,0.0,0.0,1,3.0,0.0,1.666667,1.2,0.95,google/gemma-4-12b,The phrase is highly common and grammatically standard; 'Latin' is a high-probability descriptor for the word 'word' in many contexts.,
98,01:38-01:39,palcare.,1,1,1.0,1.0,7.0,0.0,0.0,1.0,1.0,1,1.0,0.0,1.0,14.5,0.35,google/gemma-4-12b,"The word 'palcare' is not a standard English word and appears to be a misspelling or a non-English term, leading to high uncertainty.",
99,01:39-01:40,,0,0,0.0,0.0,0.0,0.0,0.0,0.0,0.0,1,0.0,0.0,0.0,0.0,0.0,google/gemma-4-12b,NO_TEXT,
100,01:40-01:41,Meaning,1,1,1.0,1.0,7.0,0.0,4.87,0.0,0.0,1,1.0,0.0,1.0,1.2,0.98,google/gemma-4-12b,The word 'Meaning' is a common high-frequency noun with clear semantic boundaries.,
101,01:41-01:42,beautiful.,1,1,1.0,1.0,9.0,0.0,5.22,0.0,0.0,1,1.0,0.0,1.0,1.2,0.98,google/gemma-4-12b,The word is a common adjective with high frequency and clear semantic structure.,
102,01:42-01:43,Isn't,1,1,1.0,1.0,5.0,0.0,5.41,0.0,0.0,1,1.0,0.0,1.0,1.2,0.95,google/gemma-4-12b,The word is a common contraction and grammatical marker with high frequency in English text.,
103,01:43-01:44,it? That's,2,2,1.0,1.0,4.0,2.0,6.405,0.0,0.0,1,1.0,0.0,1.5,14.5,0.35,google/gemma-4-12b,"The text is a fragment starting with an isolated pronoun followed by a contraction, making the preceding context and intent highly ambiguous.",
104,01:44-01:45,correct.,1,1,1.0,1.0,7.0,0.0,4.79,0.0,0.0,1,1.0,0.0,1.0,0.5,0.95,google/gemma-4-12b,"The word 'correct' is a common, high-frequency term with clear semantic meaning.",
105,01:45-01:46,P,1,1,1.0,1.0,1.0,0.0,5.13,0.0,0.0,1,1.0,0.0,1.0,18.5,0.15,google/gemma-4-12b,"The text consists of a single character 'P', which provides insufficient context for linguistic patterns, leading to high uncertainty.",
106,01:46-01:47,-U,1,1,1.0,1.0,1.0,0.0,5.11,0.0,0.0,1,0.0,0.0,0.0,18.5,0.15,google/gemma-4-12b,"The text consists of a single non-linguistic character/symbol, making it highly unpredictable in a natural language context.",
107,01:47-01:48,-L,1,1,1.0,1.0,1.0,0.0,5.18,0.0,0.0,1,0.0,0.0,0.0,18.5,0.15,google/gemma-4-12b,"The text consists of a single hyphen followed by a capital L, which is highly ambiguous and lacks sufficient context for linguistic prediction.",
108,01:48-01:49,-C,1,1,1.0,1.0,1.0,0.0,5.33,0.0,0.0,1,0.0,0.0,0.0,18.5,0.15,google/gemma-4-12b,"The text consists of a single hyphen followed by a capital C, which is highly ambiguous and lacks sufficient context for linguistic prediction.",
109,01:49-01:50,-H -R,2,2,1.0,1.0,1.0,0.0,5.205,0.0,0.0,1,0.0,0.0,0.0,18.5,0.15,google/gemma-4-12b,"The text consists of two isolated flags/symbols with no linguistic context, making the next character highly unpredictable.",
110,01:50-01:51,-I,1,1,1.0,1.0,1.0,0.0,7.09,0.0,0.0,1,0.0,0.0,0.0,18.5,0.15,google/gemma-4-12b,"The text consists of a single hyphen followed by a capital 'I', which is highly ambiguous and lacks sufficient context to determine intent.",
111,01:51-01:52,-T -U,2,2,1.0,1.0,1.0,0.0,5.27,0.0,0.0,1,0.0,0.0,0.0,18.5,0.15,google/gemma-4-12b,"The text consists of non-linguistic symbols/flags, making the next character highly unpredictable in a natural language context.",
112,01:52-01:53,-D,1,1,1.0,1.0,1.0,0.0,5.46,0.0,0.0,1,0.0,0.0,0.0,18.5,0.15,google/gemma-4-12b,"The text consists of a single non-linguistic symbol/hyphen combination, making it highly unpredictable in a natural language context.",
113,01:53-01:54,-E.,1,1,1.0,1.0,1.0,0.0,5.28,0.0,0.0,1,0.0,0.0,0.0,18.5,0.15,google/gemma-4-12b,"The text consists of a single hyphen and a capital E, which is highly underspecified and lacks sufficient context to determine intent.",
114,01:54-01:55,Polker,1,1,1.0,1.0,6.0,0.0,0.0,1.0,1.0,1,1.0,0.0,1.0,14.5,0.35,google/gemma-4-12b,"The word 'Polker' is a rare proper noun or non-standard term, leading to high uncertainty.",
115,01:55-01:56,tood.,1,1,1.0,1.0,4.0,0.0,1.19,1.0,1.0,1,1.0,0.0,1.0,18.5,0.15,google/gemma-4-12b,"The text is a fragment of a word (likely 'good' or 'food'), resulting in high uncertainty and low predictability.",
116,01:56-01:57,,0,0,0.0,0.0,0.0,0.0,0.0,0.0,0.0,1,0.0,0.0,0.0,0.0,0.0,google/gemma-4-12b,NO_TEXT,
117,01:57-01:58,,0,0,0.0,0.0,0.0,0.0,0.0,0.0,0.0,1,0.0,0.0,0.0,0.0,0.0,google/gemma-4-12b,NO_TEXT,
118,01:58-01:59,,0,0,0.0,0.0,0.0,0.0,0.0,0.0,0.0,1,0.0,0.0,0.0,0.0,0.0,google/gemma-4-12b,NO_TEXT,
119,01:59-02:00,"Congratulations,",1,1,1.0,1.0,15.0,0.0,4.4,0.0,0.0,1,1.0,0.0,1.0,1.2,0.98,google/gemma-4-12b,The word 'Congratulations' is a common standalone exclamation with high grammatical and contextual predictability.,
120,02:00-02:01,Akila. You,2,2,1.0,1.0,4.0,1.0,4.16,0.5,0.5,1,1.0,0.0,1.0,14.5,0.35,google/gemma-4-12b,"The text is highly fragmented and lacks context, making the transition from a proper noun to a pronoun unpredictable.",
121,02:01-02:02,,0,0,0.0,0.0,0.0,0.0,0.0,0.0,0.0,1,0.0,0.0,0.0,0.0,0.0,google/gemma-4-12b,NO_TEXT,
122,02:02-02:03,,0,0,0.0,0.0,0.0,0.0,0.0,0.0,0.0,1,0.0,0.0,0.0,0.0,0.0,google/gemma-4-12b,NO_TEXT,
123,02:03-02:04,,0,0,0.0,0.0,0.0,0.0,0.0,0.0,0.0,1,0.0,0.0,0.0,0.0,0.0,google/gemma-4-12b,NO_TEXT,
124,02:04-02:05,,0,0,0.0,0.0,0.0,0.0,0.0,0.0,0.0,1,0.0,0.0,0.0,0.0,0.0,google/gemma-4-12b,NO_TEXT,
125,02:05-02:06,,0,0,0.0,0.0,0.0,0.0,0.0,0.0,0.0,1,0.0,0.0,0.0,0.0,0.0,google/gemma-4-12b,NO_TEXT,
126,02:06-02:07,,0,0,0.0,0.0,0.0,0.0,0.0,0.0,0.0,1,0.0,0.0,0.0,0.0,0.0,google/gemma-4-12b,NO_TEXT,
127,02:07-02:08,,0,0,0.0,0.0,0.0,0.0,0.0,0.0,0.0,1,0.0,0.0,0.0,0.0,0.0,google/gemma-4-12b,NO_TEXT,
128,02:08-02:09,,0,0,0.0,0.0,0.0,0.0,0.0,0.0,0.0,1,0.0,0.0,0.0,0.0,0.0,google/gemma-4-12b,NO_TEXT,
129,02:09-02:10,,0,0,0.0,0.0,0.0,0.0,0.0,0.0,0.0,1,0.0,0.0,0.0,0.0,0.0,google/gemma-4-12b,NO_TEXT,
130,02:10-02:11,,0,0,0.0,0.0,0.0,0.0,0.0,0.0,0.0,1,0.0,0.0,0.0,0.0,0.0,google/gemma-4-12b,NO_TEXT,
131,02:11-02:12,know that feeling,3,3,1.0,1.0,5.0,1.414214,6.08,0.0,0.0,1,3.0,1.0,2.0,1.8,0.92,google/gemma-4-12b,The phrase is a common idiomatic fragment with high grammatical predictability.,
132,02:12-02:13,where everything feels,3,3,1.0,1.0,6.666667,2.357023,5.48,0.0,0.0,1,3.0,0.0,1.666667,1.8,0.92,google/gemma-4-12b,The phrase is a common grammatical fragment with high syntactic predictability.,
133,02:13-02:14,right?,1,1,1.0,1.0,5.0,0.0,5.96,0.0,0.0,1,1.0,0.0,1.0,1.2,0.95,google/gemma-4-12b,The word 'right?' is a common tag question with high frequency in conversational contexts.,
134,02:14-02:15,Where you,2,2,1.0,1.0,4.0,1.0,6.49,0.0,0.0,1,2.0,0.0,1.5,1.5,0.95,google/gemma-4-12b,"The phrase is a common fragment of 'Where are you' or 'Where you going', making it highly predictable despite the missing verb.",
135,02:15-02:16,don't have to worry about,5,5,1.0,1.0,4.2,1.16619,6.316,0.0,0.0,1,5.0,1.0,2.2,1.2,0.95,google/gemma-4-12b,The phrase is a common idiomatic expression with high grammatical and lexical predictability.,
136,02:16-02:17,tomorrow or,2,2,1.0,1.0,5.0,3.0,5.78,0.0,0.0,1,2.0,0.0,1.5,14.5,0.35,google/gemma-4-12b,"The text ends abruptly with a conjunction ('or'), creating high uncertainty regarding the following word.",
137,02:17-02:18,yesterday.,1,1,1.0,1.0,9.0,0.0,4.91,0.0,0.0,1,1.0,0.0,1.0,1.2,0.98,google/gemma-4-12b,The word is a common temporal adverb with high frequency in standard English.,
138,02:18-02:19,,0,0,0.0,0.0,0.0,0.0,0.0,0.0,0.0,1,0.0,0.0,0.0,0.0,0.0,google/gemma-4-12b,NO_TEXT,
139,02:19-02:20,Where you feel safe.,4,4,1.0,1.0,4.0,0.707107,5.93,0.0,0.0,1,4.0,0.0,1.75,1.2,0.95,google/gemma-4-12b,The phrase is grammatically standard and uses common vocabulary with high predictability.,
140,02:20-02:21,,0,0,0.0,0.0,0.0,0.0,0.0,0.0,0.0,1,0.0,0.0,0.0,0.0,0.0,google/gemma-4-12b,NO_TEXT,
